N,best,thm123,thm125,best_over_thm123,c_norm,plan
1,0,0,,,,"1"
2,2,6,2,0.3333,1.0000,"D2"
3,8,15,,0.5333,1.6825,"P3"
4,9,24,9,0.3750,1.1250,"CT(D2, D2)"
5,24,45,,0.5333,2.0672,"P5"
6,22,48,,0.4583,1.4185,"PFA(D2, P3)"
7,48,91,,0.5275,2.4426,"P7"
8,29,72,29,0.4028,1.2083,"CT(D2, CT(D2, D2))"
9,52,90,,0.5778,1.8227,"CT(P3, P3)"
10,58,120,,0.4833,1.7460,"PFA(D2, P5)"
11,120,231,,0.5195,3.1534,"P11"
12,59,132,,0.4470,1.3715,"PFA(P3, CT(D2, D2))"
13,168,325,,0.5169,3.4923,"P13"
14,110,224,,0.4911,2.0637,"PFA(D2, P7)"
15,112,210,,0.5333,1.9112,"PFA(P3, P5)"
16,81,192,81,0.4219,1.2656,"CT(D2, CT(D2, CT(D2, D2)))"
17,288,561,,0.5134,4.1447,"P17"
18,122,234,,0.5214,1.6254,"PFA(D2, CT(P3, P3))"
19,360,703,,0.5121,4.4604,"P19"
20,141,300,,0.4700,1.6312,"PFA(CT(D2, D2), P5)"
21,200,378,,0.5291,2.1683,"PFA(P3, P7)"
22,262,528,,0.4962,2.6705,"PFA(D2, P11)"
23,528,1035,,0.5101,5.0749,"P23"
24,151,336,,0.4494,1.3722,"PFA(P3, CT(D2, CT(D2, D2)))"
25,256,450,,0.5689,2.2051,"CT(P5, P5)"
26,362,728,,0.4973,2.9621,"PFA(D2, P13)"
27,244,405,,0.6025,1.9006,"CT(P3, CT(P3, P3))"
28,255,532,,0.4793,1.8944,"PFA(CT(D2, D2), P7)"
29,840,1653,,0.5082,5.9625,"P29"
30,254,510,,0.4980,1.7255,"PFA(D2, PFA(P3, P5))"
31,960,1891,,0.5077,6.2508,"P31"
32,209,480,209,0.4354,1.3062,"CT(D2, CT(D2, CT(D2, CT(D2, D2))))"
33,448,858,,0.5221,2.6913,"PFA(P3, P11)"
34,610,1224,,0.4984,3.5265,"PFA(D2, P17)"
35,408,770,,0.5299,2.2727,"PFA(P5, P7)"
36,289,576,,0.5017,1.5528,"PFA(CT(D2, D2), CT(P3, P3))"
37,1368,2701,,0.5065,7.0973,"P37"
38,758,1520,,0.4987,3.8010,"PFA(D2, P19)"
39,608,1170,,0.5197,2.9496,"PFA(P3, P13)"
40,337,720,,0.4681,1.5831,"PFA(P5, CT(D2, CT(D2, D2)))"
41,1680,3321,,0.5059,7.6482,"P41"
42,442,882,,0.5011,1.9516,"PFA(D2, PFA(P3, P7))"
43,1848,3655,,0.5056,7.9201,"P43"
44,579,1188,,0.4874,2.4103,"PFA(CT(D2, D2), P11)"
45,476,855,,0.5567,1.9261,"PFA(P5, CT(P3, P3))"
46,1102,2208,,0.4991,4.3372,"PFA(D2, P23)"
47,2208,4371,,0.5051,8.4576,"P47"
48,371,816,,0.4547,1.3839,"PFA(P3, CT(D2, CT(D2, CT(D2, D2))))"
49,708,1274,,0.5557,2.5734,"CT(P7, P7)"
50,562,1050,,0.5352,1.9915,"PFA(D2, CT(P5, P5))"
51,1000,1938,,0.5160,3.4567,"PFA(P3, P17)"
52,789,1612,,0.4895,2.6617,"PFA(CT(D2, D2), P13)"
53,2808,5565,,0.5046,9.2496,"P53"
54,542,972,,0.5576,1.7441,"PFA(D2, CT(P3, CT(P3, P3)))"
55,864,1650,,0.5236,2.7172,"PFA(P5, P11)"
56,587,1232,,0.4765,1.8050,"PFA(P7, CT(D2, CT(D2, D2)))"
57,1232,2394,,0.5146,3.7055,"PFA(P3, P19)"
58,1738,3480,,0.4994,5.1153,"PFA(D2, P29)"
59,3480,6903,,0.5041,10.0266,"P59"
60,583,1200,,0.4858,1.6450,"PFA(P3, PFA(CT(D2, D2), P5))"
61,3720,7381,,0.5040,10.2826,"P61"
62,1982,3968,,0.4995,5.3689,"PFA(D2, P31)"
63,796,1449,,0.5493,2.1138,"PFA(P7, CT(P3, P3))"
64,513,1152,513,0.4453,1.3359,"CT(D2, CT(D2, CT(D2, CT(D2, CT(D2, D2)))))"
65,1152,2210,,0.5213,2.9429,"PFA(P5, P13)"
66,962,1914,,0.5026,2.4115,"PFA(D2, PFA(P3, P11))"
67,4488,8911,,0.5036,11.0425,"P67"
68,1305,2652,,0.4921,3.1526,"PFA(CT(D2, D2), P17)"
69,1768,3450,,0.5125,4.1947,"PFA(P3, P23)"
70,886,1750,,0.5063,2.0650,"PFA(D2, PFA(P5, P7))"
71,5040,10011,,0.5034,11.5429,"P71"
72,673,1368,,0.4920,1.5150,"CT(PFA(D2, P3), PFA(P3, CT(D2, D2)))"
73,5328,10585,,0.5034,11.7913,"P73"
74,2810,5624,,0.4996,6.1153,"PFA(D2, P37)"
75,968,1725,,0.5612,2.0721,"PFA(P3, CT(P5, P5))"
76,1611,3268,,0.4930,3.3927,"PFA(CT(D2, D2), P19)"
77,1368,2618,,0.5225,2.8350,"PFA(P7, P11)"
78,1294,2574,,0.5027,2.6394,"PFA(D2, PFA(P3, P13))"
79,6240,12403,,0.5031,12.5302,"P79"
80,789,1680,,0.4696,1.5600,"PFA(P5, CT(D2, CT(D2, CT(D2, D2))))"
81,1000,1620,,0.6173,1.9473,"CT(P3, CT(P3, CT(P3, P3)))"
82,3442,6888,,0.4997,6.6025,"PFA(D2, P41)"
83,6888,13695,,0.5030,13.0176,"P83"
84,989,2016,,0.4906,1.8419,"PFA(P3, PFA(CT(D2, D2), P7))"
85,1848,3570,,0.5176,3.3921,"PFA(P5, P17)"
86,3782,7568,,0.4997,6.8433,"PFA(D2, P43)"
87,2752,5394,,0.5102,4.9096,"PFA(P3, P29)"
88,1279,2640,,0.4845,2.2501,"PFA(CT(D2, CT(D2, D2)), P11)"
89,7920,15753,,0.5028,13.7419,"P89"
90,1042,1980,,0.5263,1.7834,"PFA(D2, PFA(P5, CT(P3, P3)))"
91,1800,3458,,0.5205,3.0395,"PFA(P7, P13)"
92,2319,4692,,0.4942,3.8639,"PFA(CT(D2, D2), P23)"
93,3128,6138,,0.5096,5.1435,"PFA(P3, P31)"
94,4510,9024,,0.4998,7.3199,"PFA(D2, P47)"
95,2256,4370,,0.5162,3.6146,"PFA(P5, P19)"
96,883,1920,,0.4599,1.3968,"PFA(P3, CT(D2, CT(D2, CT(D2, CT(D2, D2)))))"
97,9408,18721,,0.5025,14.6956,"P97"
98,1514,2842,,0.5327,2.3355,"PFA(D2, CT(P7, P7))"
99,1652,3069,,0.5383,2.5171,"PFA(CT(P3, P3), P11)"
100,1241,2400,,0.5171,1.8679,"CT(PFA(D2, P5), PFA(D2, P5))"
101,10200,20301,,0.5024,15.1678,"P101"
102,2102,4182,,0.5026,3.0885,"PFA(D2, PFA(P3, P17))"
103,10608,21115,,0.5024,15.4027,"P103"
104,1721,3536,,0.4867,2.4697,"PFA(CT(D2, CT(D2, D2)), P13)"
105,1504,2835,,0.5305,2.1333,"PFA(P3, PFA(P5, P7))"
106,5722,11448,,0.4998,8.0234,"PFA(D2, P53)"
107,11448,22791,,0.5023,15.8705,"P107"
108,1213,2268,,0.5348,1.6627,"CT(PFA(D2, P3), PFA(D2, CT(P3, P3)))"
109,11880,23653,,0.5023,16.1034,"P109"
110,1838,3630,,0.5063,2.4640,"PFA(D2, PFA(P5, P11))"
111,4400,8658,,0.5082,5.8341,"PFA(P3, P37)"
112,1335,2800,,0.4768,1.7510,"PFA(P7, CT(D2, CT(D2, CT(D2, D2))))"
113,12768,25425,,0.5022,16.5672,"P113"
114,2578,5130,,0.5025,3.3096,"PFA(D2, PFA(P3, P19))"
115,3192,6210,,0.5140,4.0547,"PFA(P5, P23)"
116,3621,7308,,0.4955,4.5517,"PFA(CT(D2, D2), P29)"
117,2188,4095,,0.5343,2.7220,"PFA(CT(P3, P3), P13)"
118,7078,14160,,0.4999,8.7151,"PFA(D2, P59)"
119,2832,5474,,0.5174,3.4516,"PFA(P7, P17)"
120,1331,2760,,0.4822,1.6059,"PFA(P3, PFA(P5, CT(D2, CT(D2, D2))))"
121,2740,5082,,0.5392,3.2729,"CT(P11, P11)"
122,7562,15128,,0.4999,8.9433,"PFA(D2, P61)"
123,5368,10578,,0.5075,6.2862,"PFA(P3, P41)"
124,4119,8308,,0.4958,4.7766,"PFA(CT(D2, D2), P31)"
125,1976,3375,,0.5855,2.2694,"CT(P5, CT(P5, P5))"
126,1718,3276,,0.5244,1.9542,"PFA(D2, PFA(P7, CT(P3, P3)))"
127,16128,32131,,0.5019,18.1711,"P127"
128,1217,2688,1217,0.4528,1.3583,"CT(D2, CT(D2, CT(D2, CT(D2, CT(D2, CT(D2, D2))))))"
129,5888,11610,,0.5071,6.5100,"PFA(P3, P43)"
130,2434,4810,,0.5060,2.6662,"PFA(D2, PFA(P5, P13))"
131,17160,34191,,0.5019,18.6243,"P131"
132,2089,4224,,0.4946,2.2466,"PFA(P3, PFA(CT(D2, D2), P11))"
133,3432,6650,,0.5161,3.6575,"PFA(P7, P19)"
134,9110,18224,,0.4999,9.6213,"PFA(D2, P67)"
135,1868,3240,,0.5765,1.9553,"PFA(P5, CT(P3, CT(P3, P3)))"
136,2797,5712,,0.4897,2.9018,"PFA(CT(D2, CT(D2, D2)), P17)"
137,18768,37401,,0.5018,19.3001,"P137"
138,3674,7314,,0.5023,3.7452,"PFA(D2, PFA(P3, P23))"
139,19320,38503,,0.5018,19.5244,"P139"
140,1947,3920,,0.4967,1.9507,"PFA(CT(D2, D2), PFA(P5, P7))"
141,7000,13818,,0.5066,6.9536,"PFA(P3, P47)"
142,10222,20448,,0.4999,10.0683,"PFA(D2, P71)"
143,3408,6578,,0.5181,3.3286,"PFA(P11, P13)"
144,1537,3168,,0.4852,1.4887,"CT(PFA(P3, CT(D2, D2)), PFA(P3, CT(D2, D2)))"
145,4896,9570,,0.5116,4.7028,"PFA(P5, P29)"
146,10802,21608,,0.4999,10.2904,"PFA(D2, P73)"
147,2516,4557,,0.5521,2.3773,"PFA(P3, CT(P7, P7))"
148,5805,11692,,0.4965,5.4405,"PFA(CT(D2, D2), P37)"
149,22200,44253,,0.5017,20.6386,"P149"
150,2086,3900,,0.5349,1.9238,"PFA(D2, PFA(P3, CT(P5, P5)))"
151,22800,45451,,0.5016,20.8600,"P151"
152,3431,6992,,0.4907,3.1143,"PFA(CT(D2, CT(D2, D2)), P19)"
153,3476,6579,,0.5283,3.1305,"PFA(CT(P3, P3), P17)"
154,2890,5698,,0.5072,2.5825,"PFA(D2, PFA(P7, P11))"
155,5544,10850,,0.5110,4.9158,"PFA(P5, P31)"
156,2783,5616,,0.4955,2.4487,"PFA(P3, PFA(CT(D2, D2), P13))"
157,24648,49141,,0.5016,21.5218,"P157"
158,12638,25280,,0.4999,10.9515,"PFA(D2, P79)"
159,8848,17490,,0.5059,7.6096,"PFA(P3, P53)"
160,1813,3840,,0.4721,1.5476,"PFA(P5, CT(D2, CT(D2, CT(D2, CT(D2, D2)))))"
161,4800,9338,,0.5140,4.0668,"PFA(P7, P23)"
162,2162,3726,,0.5802,1.8182,"PFA(D2, CT(P3, CT(P3, CT(P3, P3))))"
163,26568,52975,,0.5015,22.1799,"P163"
164,7089,14268,,0.4968,5.8750,"PFA(CT(D2, D2), P41)"
165,3032,5775,,0.5250,2.4946,"PFA(P3, PFA(P5, P11))"
166,13942,27888,,0.4999,11.3881,"PFA(D2, P83)"
167,27888,55611,,0.5015,22.6166,"P167"
168,2209,4536,,0.4870,1.7787,"PFA(P3, PFA(P7, CT(D2, CT(D2, D2))))"
169,4512,8450,,0.5340,3.6074,"CT(P13, P13)"
170,3866,7650,,0.5054,3.0692,"PFA(D2, PFA(P5, P17))"
171,4228,8037,,0.5261,3.3332,"PFA(CT(P3, P3), P19)"
172,7779,15652,,0.4970,6.0901,"PFA(CT(D2, D2), P43)"
173,29928,59685,,0.5014,23.2687,"P173"
174,5678,11310,,0.5020,4.3843,"PFA(D2, PFA(P3, P29))"
175,2992,5425,,0.5515,2.2945,"PFA(P7, CT(P5, P5))"
176,2811,5808,,0.4840,2.1411,"PFA(P11, CT(D2, CT(D2, CT(D2, D2))))"
177,10912,21594,,0.5053,8.2556,"PFA(P3, P59)"
178,16018,32040,,0.4999,12.0374,"PFA(D2, P89)"
179,32040,63903,,0.5014,23.9175,"P179"
180,2309,4500,,0.5131,1.7122,"PFA(CT(D2, D2), PFA(P5, CT(P3, P3)))"
181,32760,65341,,0.5014,24.1331,"P181"
182,3782,7462,,0.5068,2.7678,"PFA(D2, PFA(P7, P13))"
183,11648,23058,,0.5052,8.4690,"PFA(P3, P61)"
184,4891,9936,,0.4923,3.5331,"PFA(CT(D2, CT(D2, D2)), P23)"
185,7728,15170,,0.5094,5.5465,"PFA(P5, P37)"
186,6442,12834,,0.5019,4.5939,"PFA(D2, PFA(P3, P31))"
187,5208,10098,,0.5157,3.6903,"PFA(P11, P17)"
188,9255,18612,,0.4973,6.5164,"PFA(CT(D2, D2), P47)"
189,3004,5292,,0.5676,2.1018,"PFA(P7, CT(P3, CT(P3, P3)))"
190,4702,9310,,0.5050,3.2692,"PFA(D2, PFA(P5, P19))"
191,36480,72771,,0.5013,25.2057,"P191"
192,2051,4416,,0.4644,1.4084,"PFA(P3, CT(D2, CT(D2, CT(D2, CT(D2, CT(D2, D2))))))"
193,37248,74305,,0.5013,25.4193,"P193"
194,19010,38024,,0.4999,12.8935,"PFA(D2, P97)"
195,3976,7605,,0.5228,2.6803,"PFA(P3, PFA(P5, P13))"
196,3249,6272,,0.5180,2.1769,"CT(PFA(D2, P7), PFA(D2, P7))"
197,38808,77421,,0.5013,25.8454,"P197"
198,3502,6732,,0.5202,2.3183,"PFA(D2, PFA(CT(P3, P3), P11))"
199,39600,79003,,0.5012,26.0580,"P199"
200,2741,5400,,0.5076,1.7929,"CT(PFA(D2, P5), PFA(CT(D2, D2), P5))"
201,14000,27738,,0.5047,9.1036,"PFA(P3, P67)"
202,20602,41208,,0.5000,13.3177,"PFA(D2, P101)"
203,7272,14210,,0.5118,4.6733,"PFA(P7, P29)"
204,4459,8976,,0.4968,2.8489,"PFA(P3, PFA(CT(D2, D2), P17))"
205,9384,18450,,0.5086,5.9608,"PFA(P5, P41)"
206,21422,42848,,0.5000,13.5290,"PFA(D2, P103)"
207,5948,11385,,0.5224,3.7349,"PFA(CT(P3, P3), P23)"
208,3741,7696,,0.4861,2.3357,"PFA(P13, CT(D2, CT(D2, CT(D2, D2))))"
209,6240,12122,,0.5148,3.8738,"PFA(P11, P19)"
210,3218,6300,,0.5108,1.9864,"PFA(D2, PFA(P3, PFA(P5, P7)))"
211,44520,88831,,0.5012,27.3271,"P211"
212,11709,23532,,0.4976,7.1470,"PFA(CT(D2, D2), P53)"
213,15688,31098,,0.5045,9.5223,"PFA(P3, P71)"
214,23110,46224,,0.5000,13.9496,"PFA(D2, P107)"
215,10272,20210,,0.5083,6.1662,"PFA(P5, P43)"
216,2701,5184,,0.5210,1.6125,"CT(PFA(D2, P3), PFA(CT(D2, D2), CT(P3, P3)))"
217,8208,16058,,0.5111,4.8734,"PFA(P7, P31)"
218,23978,47960,,0.5000,14.1591,"PFA(D2, P109)"
219,16568,32850,,0.5044,9.7306,"PFA(P3, P73)"
220,3951,7920,,0.4989,2.3080,"PFA(CT(D2, D2), PFA(P5, P11))"
221,6600,12818,,0.5149,3.8347,"PFA(P13, P17)"
222,9022,17982,,0.5017,5.2139,"PFA(D2, PFA(P3, P37))"
223,49728,99235,,0.5011,28.5859,"P223"
224,2999,6272,,0.4782,1.7148,"PFA(P7, CT(D2, CT(D2, CT(D2, CT(D2, D2)))))"
225,3556,6300,,0.5644,2.0226,"CT(PFA(P3, P5), PFA(P3, P5))"
226,25762,51528,,0.5000,14.5765,"PFA(D2, P113)"
227,51528,102831,,0.5011,29.0033,"P227"
228,5441,10944,,0.4972,3.0466,"PFA(P3, PFA(CT(D2, D2), P19))"
229,52440,104653,,0.5011,29.2116,"P229"
230,6614,13110,,0.5045,3.6654,"PFA(D2, PFA(P5, P23))"
231,4720,9009,,0.5239,2.6023,"PFA(P3, PFA(P7, P11))"
232,7561,15312,,0.4938,4.1474,"PFA(CT(D2, CT(D2, D2)), P29)"
233,54288,108345,,0.5011,29.6274,"P233"
234,4610,8892,,0.5184,2.5032,"PFA(D2, PFA(CT(P3, P3), P13))"
235,12168,23970,,0.5076,6.5738,"PFA(P5, P47)"
236,14451,29028,,0.4978,7.7681,"PFA(CT(D2, D2), P59)"
237,19352,38394,,0.5040,10.3507,"PFA(P3, P79)"
238,5902,11662,,0.5061,3.1411,"PFA(D2, PFA(P7, P17))"
239,57120,114003,,0.5010,30.2493,"P239"
240,3007,6240,,0.4819,1.5846,"PFA(P3, PFA(P5, CT(D2, CT(D2, CT(D2, D2)))))"
241,58080,115921,,0.5010,30.4561,"P241"
242,5722,10890,,0.5254,2.9859,"PFA(D2, CT(P11, P11))"
243,3808,6075,,0.6268,1.9774,"CT(P3, CT(P3, CT(P3, CT(P3, P3))))"
244,15429,30988,,0.4979,7.9732,"PFA(CT(D2, D2), P61)"
245,4716,8575,,0.5500,2.4253,"PFA(P5, CT(P7, P7))"
246,10982,21894,,0.5016,5.6207,"PFA(D2, PFA(P3, P41))"
247,7872,15314,,0.5140,4.0097,"PFA(P13, P19)"
248,8579,17360,,0.4942,4.3490,"PFA(CT(D2, CT(D2, D2)), P31)"
249,21328,42330,,0.5039,10.7606,"PFA(P3, P83)"
250,4202,7500,,0.5603,2.1100,"PFA(D2, CT(P5, CT(P5, P5)))"
251,63000,125751,,0.5010,31.4865,"P251"
252,3751,7308,,0.5133,1.8659,"PFA(CT(D2, D2), PFA(P7, CT(P3, P3)))"
253,8568,16698,,0.5131,4.2422,"PFA(P11, P23)"
254,32510,65024,,0.5000,16.0217,"PFA(D2, P127)"
255,6224,11985,,0.5193,3.0531,"PFA(P3, PFA(P5, P17))"
256,2817,6144,2817,0.4585,1.3755,"CT(D2, CT(D2, CT(D2, CT(D2, CT(D2, CT(D2, CT(D2, D2)))))))"
257,66048,131841,,0.5010,32.1019,"P257"
258,12034,23994,,0.5015,5.8223,"PFA(D2, PFA(P3, P43))"
259,11352,22274,,0.5097,5.4673,"PFA(P7, P37)"
260,5193,10400,,0.4993,2.4897,"PFA(CT(D2, D2), PFA(P5, P13))"
261,9068,17487,,0.5186,4.3278,"PFA(CT(P3, P3), P29)"
262,34582,69168,,0.5000,16.4304,"PFA(D2, P131)"
263,69168,138075,,0.5009,32.7154,"P263"
264,4541,9240,,0.4915,2.1382,"PFA(P3, PFA(CT(D2, CT(D2, D2)), P11))"
265,15312,30210,,0.5069,7.1779,"PFA(P5, P53)"
266,7130,14098,,0.5057,3.3276,"PFA(D2, PFA(P7, P19))"
267,24472,48594,,0.5036,11.3707,"PFA(P3, P89)"
268,18555,37252,,0.4981,8.5835,"PFA(CT(D2, D2), P67)"
269,72360,144453,,0.5009,33.3268,"P269"
270,4006,7290,,0.5495,1.8370,"PFA(D2, PFA(P5, CT(P3, CT(P3, P3))))"
271,73440,146611,,0.5009,33.5302,"P271"
272,5985,12240,,0.4890,2.7207,"PFA(CT(D2, CT(D2, CT(D2, D2))), P17)"
273,6128,11739,,0.5220,2.7737,"PFA(P3, PFA(P7, P13))"
274,37810,75624,,0.5000,17.0403,"PFA(D2, P137)"
275,5816,10725,,0.5423,2.6099,"PFA(P11, CT(P5, P5))"
276,7693,15456,,0.4977,3.4375,"PFA(P3, PFA(CT(D2, D2), P23))"
277,76728,153181,,0.5009,34.1392,"P277"
278,38918,77840,,0.5000,17.2427,"PFA(D2, P139)"
279,10252,19809,,0.5175,4.5230,"PFA(CT(P3, P3), P31)"
280,4279,8680,,0.4930,1.8799,"PFA(P5, PFA(P7, CT(D2, CT(D2, D2))))"
281,78960,157641,,0.5009,34.5441,"P281"
282,14282,28482,,0.5014,6.2221,"PFA(D2, PFA(P3, P47))"
283,80088,159895,,0.5009,34.7463,"P283"
284,20799,41748,,0.4982,8.9863,"PFA(CT(D2, D2), P71)"
285,7528,14535,,0.5179,3.2391,"PFA(P3, PFA(P5, P19))"
286,7102,14014,,0.5068,3.0432,"PFA(D2, PFA(P11, P13))"
287,13728,26978,,0.5089,5.8583,"PFA(P7, P41)"
288,3481,7200,,0.4835,1.4794,"CT(PFA(P3, CT(D2, D2)), PFA(P3, CT(D2, CT(D2, D2))))"
289,10048,19074,,0.5268,4.2530,"CT(P17, P17)"
290,10082,20010,,0.5038,4.2501,"PFA(D2, PFA(P5, P29))"
291,29000,57618,,0.5033,12.1757,"PFA(P3, P97)"
292,21969,44092,,0.4983,9.1866,"PFA(CT(D2, D2), P73)"
293,85848,171405,,0.5008,35.7542,"P293"
294,5326,9996,,0.5328,2.2093,"PFA(D2, PFA(P3, CT(P7, P7)))"
295,18816,37170,,0.5062,7.7741,"PFA(P5, P59)"
296,12017,24272,,0.4951,4.9453,"PFA(CT(D2, CT(D2, D2)), P37)"
297,5924,10692,,0.5541,2.4282,"PFA(P11, CT(P3, CT(P3, P3)))"
298,44698,89400,,0.5000,18.2492,"PFA(D2, P149)"
299,10728,20930,,0.5126,4.3628,"PFA(P13, P23)"
300,4523,8700,,0.5199,1.8322,"PFA(P3, CT(PFA(D2, P5), PFA(D2, P5)))"
301,15000,29498,,0.5085,6.0525,"PFA(P7, P43)"
302,45902,91808,,0.5000,18.4494,"PFA(D2, P151)"
303,31408,62418,,0.5032,12.5749,"PFA(P3, P101)"
304,7299,14896,,0.4900,2.9110,"PFA(CT(D2, CT(D2, CT(D2, D2))), P19)"
305,20064,39650,,0.5060,7.9712,"PFA(P5, P61)"
306,7258,14076,,0.5156,2.8725,"PFA(D2, PFA(CT(P3, P3), P17))"
307,94248,188191,,0.5008,37.1573,"P307"
308,6165,12320,,0.5004,2.4213,"PFA(CT(D2, D2), PFA(P7, P11))"
309,32648,64890,,0.5031,12.7737,"PFA(P3, P103)"
310,11398,22630,,0.5037,4.4426,"PFA(D2, PFA(P5, P31))"
311,96720,193131,,0.5008,37.5565,"P311"
312,5995,12168,,0.4927,2.3191,"PFA(P3, PFA(CT(D2, CT(D2, D2)), P13))"
313,97968,195625,,0.5008,37.7559,"P313"
314,49610,99224,,0.5000,19.0477,"PFA(D2, P157)"
315,5492,10080,,0.5448,2.1008,"PFA(P5, PFA(P7, CT(P3, P3)))"
316,25671,51508,,0.4984,9.7832,"PFA(CT(D2, D2), P79)"
317,100488,200661,,0.5008,38.1541,"P317"
318,18014,35934,,0.5013,6.8145,"PFA(D2, PFA(P3, P53))"
319,12720,24882,,0.5112,4.7941,"PFA(P11, P29)"
320,4101,8640,,0.4747,1.5400,"PFA(P5, CT(D2, CT(D2, CT(D2, CT(D2, CT(D2, D2))))))"
321,35200,69978,,0.5030,13.1698,"PFA(P3, P107)"
322,9922,19642,,0.5051,3.6987,"PFA(D2, PFA(P7, P23))"
323,11592,22610,,0.5127,4.3056,"PFA(P17, P19)"
324,4681,8424,,0.5557,1.7323,"CT(PFA(D2, CT(P3, P3)), PFA(D2, CT(P3, P3)))"
325,7528,13975,,0.5387,2.7759,"PFA(P13, CT(P5, P5))"
326,53462,106928,,0.5000,19.6430,"PFA(D2, P163)"
327,36512,72594,,0.5030,13.3671,"PFA(P3, P109)"
328,14629,29520,,0.4956,5.3366,"PFA(CT(D2, CT(D2, D2)), P41)"
329,17712,34874,,0.5079,6.4382,"PFA(P7, P47)"
330,6394,12540,,0.5099,2.3159,"PFA(D2, PFA(P3, PFA(P5, P11)))"
331,109560,218791,,0.5008,39.5424,"P331"
332,28299,56772,,0.4985,10.1776,"PFA(CT(D2, D2), P83)"
333,14236,27639,,0.5151,5.1019,"PFA(CT(P3, P3), P37)"
334,56110,112224,,0.5000,20.0382,"PFA(D2, P167)"
335,24048,47570,,0.5055,8.5581,"PFA(P5, P67)"
336,4901,10080,,0.4862,1.7381,"PFA(P3, PFA(P7, CT(D2, CT(D2, CT(D2, D2)))))"
337,113568,226801,,0.5007,40.1349,"P337"
338,9362,17914,,0.5226,3.2971,"PFA(D2, CT(P13, P13))"
339,39208,77970,,0.5029,13.7604,"PFA(P3, P113)"
340,8157,16320,,0.4998,2.8529,"PFA(CT(D2, D2), PFA(P5, P17))"
341,14280,27962,,0.5107,4.9773,"PFA(P11, P31)"
342,8798,17100,,0.5145,3.0560,"PFA(D2, PFA(CT(P3, P3), P19))"
343,7596,13377,,0.5678,2.6295,"CT(P7, CT(P7, P7))"
344,16031,32336,,0.4958,5.5305,"PFA(CT(D2, CT(D2, D2)), P43)"
345,10496,20355,,0.5156,3.6087,"PFA(P3, PFA(P5, P23))"
346,60202,120408,,0.5000,20.6286,"PFA(D2, P173)"
347,120408,240471,,0.5007,41.1193,"P347"
348,11791,23664,,0.4983,4.0131,"PFA(P3, PFA(CT(D2, D2), P29))"
349,121800,243253,,0.5007,41.3157,"P349"
350,6334,11900,,0.5323,2.1414,"PFA(D2, PFA(P7, CT(P5, P5)))"
351,7708,14040,,0.5490,2.5972,"PFA(P13, CT(P3, CT(P3, P3)))"
352,6139,12672,,0.4845,2.0616,"PFA(P11, CT(D2, CT(D2, CT(D2, CT(D2, D2)))))"
353,124608,248865,,0.5007,41.7081,"P353"
354,22178,44250,,0.5012,7.3988,"PFA(D2, PFA(P3, P59))"
355,26904,53250,,0.5052,8.9458,"PFA(P5, P71)"
356,32481,65148,,0.4986,10.7647,"PFA(CT(D2, D2), P89)"
357,9448,18207,,0.5189,3.1210,"PFA(P3, PFA(P7, P17))"
358,64438,128880,,0.5000,21.2162,"PFA(D2, P179)"
359,128880,257403,,0.5007,42.2955,"P359"
360,5093,10080,,0.5053,1.6660,"PFA(P5, CT(PFA(D2, P3), PFA(P3, CT(D2, D2))))"
361,14004,26714,,0.5242,4.5660,"CT(P19, P19)"
362,65882,131768,,0.5000,21.4115,"PFA(D2, P181)"
363,9188,17061,,0.5385,2.9765,"PFA(P3, CT(P11, P11))"
364,8019,16016,,0.5007,2.5894,"PFA(CT(D2, D2), PFA(P7, P13))"
365,28392,56210,,0.5051,9.1387,"PFA(P5, P73)"
366,23662,47214,,0.5012,7.5919,"PFA(D2, PFA(P3, P61))"
367,134688,269011,,0.5007,43.0766,"P367"
368,10311,20976,,0.4916,3.2872,"PFA(CT(D2, CT(D2, CT(D2, D2))), P23)"
369,17252,33579,,0.5138,5.4827,"PFA(CT(P3, P3), P41)"
370,15826,31450,,0.5032,5.0136,"PFA(D2, PFA(P5, P37))"
371,22200,43778,,0.5071,7.0107,"PFA(P7, P53)"
372,13349,26784,,0.4984,4.2023,"PFA(P3, PFA(CT(D2, D2), P31))"
373,139128,277885,,0.5007,43.6610,"P373"
374,10790,21318,,0.5061,3.3755,"PFA(D2, PFA(P11, P17))"
375,6928,12000,,0.5773,2.1606,"PFA(P3, CT(P5, CT(P5, P5)))"
376,19027,38352,,0.4961,5.9154,"PFA(CT(D2, CT(D2, D2)), P47)"
377,15792,30914,,0.5108,4.8944,"PFA(P13, P29)"
378,6386,11718,,0.5450,1.9731,"PFA(D2, PFA(P7, CT(P3, CT(P3, P3))))"
379,143640,286903,,0.5007,44.2441,"P379"
380,9879,19760,,0.4999,3.0336,"PFA(CT(D2, D2), PFA(P5, P19))"
381,49400,98298,,0.5026,15.1229,"PFA(P3, P127)"
382,73342,146688,,0.5000,22.3837,"PFA(D2, P191)"
383,146688,292995,,0.5007,44.6321,"P383"
384,4675,9984,,0.4682,1.4181,"PFA(P3, CT(D2, CT(D2, CT(D2, CT(D2, CT(D2, CT(D2, D2)))))))"
385,8688,16555,,0.5248,2.6274,"PFA(P5, PFA(P7, P11))"
386,74882,149768,,0.5000,22.5773,"PFA(D2, P193)"
387,18868,36765,,0.5132,5.6716,"PFA(CT(P3, P3), P43)"
388,38505,77212,,0.4987,11.5396,"PFA(CT(D2, D2), P97)"
389,151320,302253,,0.5006,45.2132,"P389"
390,8342,16380,,0.5093,2.4851,"PFA(D2, PFA(P3, PFA(P5, P13)))"
391,15600,30498,,0.5115,4.6333,"PFA(P17, P23)"
392,7001,13720,,0.5103,2.0732,"CT(PFA(D2, P7), PFA(CT(D2, D2), P7))"
393,52528,104538,,0.5025,15.5086,"PFA(P3, P131)"
394,78010,156024,,0.5000,22.9638,"PFA(D2, P197)"
395,33096,65570,,0.5047,9.7137,"PFA(P5, P79)"
396,7499,14652,,0.5118,2.1945,"PFA(CT(D2, D2), PFA(CT(P3, P3), P11))"
397,157608,314821,,0.5006,45.9861,"P397"
398,79598,159200,,0.5000,23.1566,"PFA(D2, P199)"
399,11360,21945,,0.5177,3.2952,"PFA(P3, PFA(P7, P19))"
400,6001,12000,,0.5001,1.7356,"CT(PFA(CT(D2, D2), P5), PFA(CT(D2, D2), P5))"
401,160800,321201,,0.5006,46.3717,"P401"
402,28402,56682,,0.5011,8.1668,"PFA(D2, PFA(P3, P67))"
403,17688,34658,,0.5104,5.0714,"PFA(P13, P31)"
404,41709,83628,,0.4987,11.9240,"PFA(CT(D2, D2), P101)"
405,6944,11745,,0.5912,1.9795,"PFA(P5, CT(P3, CT(P3, CT(P3, P3))))"
406,14950,29638,,0.5044,4.2494,"PFA(D2, PFA(P7, P29))"
407,19488,38258,,0.5094,5.5234,"PFA(P11, P37)"
408,9479,19176,,0.4943,2.6789,"PFA(P3, PFA(CT(D2, CT(D2, D2)), P17))"
409,167280,334153,,0.5006,47.1415,"P409"
410,19178,38130,,0.5030,5.3892,"PFA(D2, PFA(P5, P41))"
411,57400,114258,,0.5024,16.0842,"PFA(P3, P137)"
412,43359,86932,,0.4988,12.1154,"PFA(CT(D2, D2), P103)"
413,27192,53690,,0.5065,7.5765,"PFA(P7, P59)"
414,12310,24012,,0.5127,3.4203,"PFA(D2, PFA(CT(P3, P3), P23))"
415,36432,72210,,0.5045,10.0941,"PFA(P5, P83)"
416,8093,16640,,0.4864,2.2360,"PFA(P13, CT(D2, CT(D2, CT(D2, CT(D2, D2)))))"
417,59072,117594,,0.5023,16.2754,"PFA(P3, P139)"
418,12898,25498,,0.5058,3.5437,"PFA(D2, PFA(P11, P19))"
419,175560,350703,,0.5006,48.1009,"P419"
420,6961,13860,,0.5022,1.9019,"PFA(P3, PFA(CT(D2, D2), PFA(P5, P7)))"
421,177240,354061,,0.5006,48.2924,"P421"
422,89462,178928,,0.5000,24.3083,"PFA(D2, P211)"
423,22316,43569,,0.5122,6.0469,"PFA(CT(P3, P3), P47)"
424,24001,48336,,0.4965,6.4856,"PFA(CT(D2, CT(D2, D2)), P53)"
425,11552,21675,,0.5330,3.1131,"PFA(P17, CT(P5, P5))"
426,31802,63474,,0.5010,8.5467,"PFA(D2, PFA(P3, P71))"
427,28968,57218,,0.5063,7.7638,"PFA(P7, P61)"
428,46755,93732,,0.4988,12.4968,"PFA(CT(D2, D2), P107)"
429,11368,21879,,0.5196,3.0302,"PFA(P3, PFA(P11, P13))"
430,20974,41710,,0.5029,5.5756,"PFA(D2, PFA(P5, P43))"
431,185760,371091,,0.5006,49.2482,"P431"
432,5977,11664,,0.5124,1.5803,"CT(PFA(D2, P3), CT(PFA(D2, P3), PFA(P3, CT(D2, D2))))"
433,187488,374545,,0.5006,49.4390,"P433"
434,16850,33418,,0.5042,4.4313,"PFA(D2, PFA(P7, P31))"
435,15848,30885,,0.5131,4.1566,"PFA(P3, PFA(P5, P29))"
436,48501,97228,,0.4988,12.6869,"PFA(CT(D2, D2), P109)"
437,18312,35834,,0.5110,4.7773,"PFA(P19, P23)"
438,33574,67014,,0.5010,8.7356,"PFA(D2, PFA(P3, P73))"
439,192720,385003,,0.5006,50.0107,"P439"
440,8507,17160,,0.4957,2.2017,"PFA(P5, PFA(CT(D2, CT(D2, D2)), P11))"
441,8800,15876,,0.5543,2.2715,"CT(PFA(P3, P7), PFA(P3, P7))"
442,13642,26962,,0.5060,3.5121,"PFA(D2, PFA(P13, P17))"
443,196248,392055,,0.5006,50.3913,"P443"
444,18599,37296,,0.4987,4.7632,"PFA(P3, PFA(CT(D2, D2), P37))"
445,41736,82770,,0.5042,10.6606,"PFA(P5, P89)"
446,99902,199808,,0.5000,25.4514,"PFA(D2, P223)"
447,67792,134994,,0.5022,17.2260,"PFA(P3, P149)"
448,6663,13888,,0.4798,1.6887,"PFA(P7, CT(D2, CT(D2, CT(D2, CT(D2, CT(D2, D2))))))"
449,201600,402753,,0.5006,50.9613,"P449"
450,7562,13950,,0.5421,1.9066,"PFA(D2, CT(PFA(P3, P5), PFA(P3, P5)))"
451,23400,46002,,0.5087,5.8846,"PFA(P11, P41)"
452,52089,104412,,0.4989,13.0656,"PFA(CT(D2, D2), P113)"
453,69608,138618,,0.5022,17.4151,"PFA(P3, P151)"
454,103510,207024,,0.5000,25.8307,"PFA(D2, P227)"
455,11184,21385,,0.5230,2.7838,"PFA(P5, PFA(P7, P13))"
456,11509,23256,,0.4949,2.8574,"PFA(P3, PFA(CT(D2, CT(D2, D2)), P19))"
457,208848,417241,,0.5005,51.7197,"P457"
458,105338,210680,,0.5000,26.0199,"PFA(D2, P229)"
459,11924,22032,,0.5412,2.9379,"PFA(P17, CT(P3, CT(P3, P3)))"
460,13803,27600,,0.5001,3.3923,"PFA(CT(D2, D2), PFA(P5, P23))"
461,212520,424581,,0.5005,52.0983,"P461"
462,9902,19404,,0.5103,2.4213,"PFA(D2, PFA(P3, PFA(P7, P11)))"
463,214368,428275,,0.5005,52.2874,"P463"
464,15789,32016,,0.4932,3.8415,"PFA(CT(D2, CT(D2, CT(D2, D2))), P29)"
465,17872,34875,,0.5125,4.3374,"PFA(P3, PFA(P5, P31))"
466,109042,218088,,0.5000,26.3979,"PFA(D2, P233)"
467,218088,435711,,0.5005,52.6653,"P467"
468,9805,19188,,0.5110,2.3619,"PFA(CT(D2, D2), PFA(CT(P3, P3), P13))"
469,34632,68474,,0.5058,8.3217,"PFA(P7, P67)"
470,24806,49350,,0.5027,5.9459,"PFA(D2, PFA(P5, P47))"
471,75200,149778,,0.5021,17.9806,"PFA(P3, P157)"
472,29551,59472,,0.4969,7.0484,"PFA(CT(D2, CT(D2, D2)), P59)"
473,25488,50138,,0.5084,6.0643,"PFA(P11, P43)"
474,39178,78210,,0.5009,9.2987,"PFA(D2, PFA(P3, P79))"
475,13864,26125,,0.5307,3.2825,"PFA(P19, CT(P5, P5))"
476,12399,24752,,0.5009,2.9285,"PFA(CT(D2, D2), PFA(P7, P17))"
477,28028,54855,,0.5109,6.6037,"PFA(CT(P3, P3), P53)"
478,114718,229440,,0.5000,26.9632,"PFA(D2, P239)"
479,229440,458403,,0.5005,53.7965,"P479"
480,6719,13920,,0.4827,1.5716,"PFA(P3, PFA(P5, CT(D2, CT(D2, CT(D2, CT(D2, D2))))))"
481,24000,47138,,0.5091,5.6001,"PFA(P13, P37)"
482,116642,233288,,0.5000,27.1512,"PFA(D2, P241)"
483,15688,30429,,0.5156,3.6430,"PFA(P3, PFA(P7, P23))"
484,11969,23232,,0.5152,2.7727,"CT(PFA(D2, P11), PFA(D2, P11))"
485,49368,97970,,0.5039,11.4090,"PFA(P5, P97)"
486,8102,13608,,0.5954,1.8679,"PFA(D2, CT(P3, CT(P3, CT(P3, CT(P3, P3)))))"
487,237168,473851,,0.5005,54.5486,"P487"
488,31529,63440,,0.4970,7.2344,"PFA(CT(D2, CT(D2, D2)), P61)"
489,81008,161370,,0.5020,18.5433,"PFA(P3, P163)"
490,9922,18620,,0.5329,2.2658,"PFA(D2, PFA(P5, CT(P7, P7)))"
491,241080,481671,,0.5005,54.9241,"P491"
492,22579,45264,,0.4988,5.1319,"PFA(P3, PFA(CT(D2, D2), P41))"
493,22632,44370,,0.5101,5.1319,"PFA(P17, P29)"
494,16238,32110,,0.5057,3.6733,"PFA(D2, PFA(P13, P19))"
495,10636,19800,,0.5372,2.4004,"PFA(P5, PFA(CT(P3, P3), P11))"
496,17871,36208,,0.4936,4.0238,"PFA(CT(D2, CT(D2, CT(D2, D2))), P31)"
497,38688,76538,,0.5055,8.6907,"PFA(P7, P71)"
498,43154,86154,,0.5009,9.6713,"PFA(D2, PFA(P3, P83))"
499,249000,497503,,0.5005,55.6737,"P499"
500,8961,16500,,0.5431,1.9989,"CT(PFA(D2, P5), PFA(D2, CT(P5, P5)))"
501,85000,169338,,0.5020,18.9170,"PFA(P3, P167)"
502,126502,253008,,0.5000,28.0884,"PFA(D2, P251)"
503,253008,505515,,0.5005,56.0480,"P503"
504,8167,16128,,0.5064,1.8050,"PFA(P7, CT(PFA(D2, P3), PFA(P3, CT(D2, D2))))"
505,53424,106050,,0.5038,11.7805,"PFA(P5, P101)"
506,17642,34914,,0.5053,3.8813,"PFA(D2, PFA(P11, P23))"
507,14888,27885,,0.5339,3.2679,"PFA(P3, CT(P13, P13))"
508,65655,131572,,0.4990,14.3783,"PFA(CT(D2, D2), P127)"
509,259080,517653,,0.5005,56.6087,"P509"
510,12958,25500,,0.5082,2.8249,"PFA(D2, PFA(P3, PFA(P5, P17)))"
511,40800,80738,,0.5053,8.8743,"PFA(P7, P73)"
512,6401,13824,6401,0.4630,1.3891,"CT(D2, CT(D2, CT(D2, CT(D2, CT(D2, CT(D2, CT(D2, CT(D2, D2))))))))"
513,14356,26676,,0.5382,3.1084,"PFA(P19, CT(P3, CT(P3, P3)))"
514,132610,265224,,0.5000,28.6483,"PFA(D2, P257)"
515,55512,110210,,0.5037,11.9655,"PFA(P5, P103)"
516,24713,49536,,0.4989,5.3149,"PFA(P3, PFA(CT(D2, D2), P43))"
517,29928,58938,,0.5078,6.4220,"PFA(P11, P47)"
518,23222,46102,,0.5037,4.9718,"PFA(D2, PFA(P7, P37))"
519,91168,181650,,0.5019,19.4755,"PFA(P3, P173)"
520,11101,22360,,0.4965,2.3661,"PFA(P5, PFA(CT(D2, CT(D2, D2)), P13))"
521,271440,542361,,0.5005,57.7274,"P521"
522,18658,36540,,0.5106,3.9592,"PFA(D2, PFA(CT(P3, P3), P29))"
523,273528,546535,,0.5005,57.9136,"P523"
524,69819,139908,,0.4990,14.7499,"PFA(CT(D2, D2), P131)"
525,10376,18900,,0.5490,2.1872,"PFA(P3, PFA(P7, CT(P5, P5)))"
526,138862,277728,,0.5000,29.2066,"PFA(D2, P263)"
527,25248,49538,,0.5097,5.2987,"PFA(P17, P31)"
528,9841,20064,,0.4905,2.0608,"PFA(P3, PFA(P11, CT(D2, CT(D2, CT(D2, D2)))))"
529,24772,47610,,0.5203,5.1760,"CT(P23, P23)"
530,31154,62010,,0.5024,6.4953,"PFA(D2, PFA(P5, P53))"
531,34388,67437,,0.5099,7.1539,"PFA(CT(P3, P3), P59)"
532,14925,29792,,0.5010,3.0981,"PFA(CT(D2, D2), PFA(P7, P19))"
533,28728,56498,,0.5085,5.9504,"PFA(P13, P41)"
534,49478,98790,,0.5008,10.2261,"PFA(D2, PFA(P3, P89))"
535,59808,118770,,0.5036,12.3343,"PFA(P5, P107)"
536,37847,76112,,0.4973,7.7884,"PFA(CT(D2, CT(D2, D2)), P67)"
537,97552,194394,,0.5018,20.0315,"PFA(P3, P179)"
538,145258,290520,,0.5000,29.7633,"PFA(D2, P269)"
539,13668,25333,,0.5395,2.7945,"PFA(P11, CT(P7, P7))"
540,8657,16200,,0.5344,1.7662,"PFA(P5, CT(PFA(D2, P3), PFA(D2, CT(P3, P3))))"
541,292680,584821,,0.5005,59.5847,"P541"
542,147422,294848,,0.5000,29.9485,"PFA(D2, P271)"
543,99728,198738,,0.5018,20.2163,"PFA(P3, P181)"
544,12769,26112,,0.4890,2.5829,"PFA(P17, CT(D2, CT(D2, CT(D2, CT(D2, D2)))))"
545,62016,123170,,0.5035,12.5181,"PFA(P5, P109)"
546,12802,25116,,0.5097,2.5786,"PFA(D2, PFA(P3, PFA(P7, P13)))"
547,299208,597871,,0.5005,60.1401,"P547"
548,76305,152892,,0.4991,15.3047,"PFA(CT(D2, D2), P137)"
549,36652,71919,,0.5096,7.3359,"PFA(CT(P3, P3), P61)"
550,12182,23100,,0.5274,2.4331,"PFA(D2, PFA(P11, CT(P5, P5)))"
551,26400,51794,,0.5097,5.2617,"PFA(P19, P29)"
552,16145,32568,,0.4957,3.2111,"PFA(P3, PFA(CT(D2, CT(D2, D2)), P23))"
553,47472,94010,,0.5050,9.4219,"PFA(P7, P79)"
554,154010,308024,,0.5000,30.5030,"PFA(D2, P277)"
555,24664,48285,,0.5108,4.8747,"PFA(P3, PFA(P5, P37))"
556,78531,157348,,0.4991,15.4889,"PFA(CT(D2, D2), P139)"
557,310248,619941,,0.5004,61.0641,"P557"
558,21062,41292,,0.5101,4.1369,"PFA(D2, PFA(CT(P3, P3), P31))"
559,31248,61490,,0.5082,6.1249,"PFA(P13, P43)"
560,9363,19040,,0.4918,1.8314,"PFA(P5, PFA(P7, CT(D2, CT(D2, CT(D2, D2)))))"
561,17120,33099,,0.5172,3.3418,"PFA(P3, PFA(P11, P17))"
562,158482,316968,,0.5000,30.8718,"PFA(D2, P281)"
563,316968,633375,,0.5004,61.6175,"P563"
564,29269,58656,,0.4990,5.6781,"PFA(P3, PFA(CT(D2, D2), P47))"
565,66552,132210,,0.5034,12.8845,"PFA(P5, P113)"
566,160742,321488,,0.5000,31.0560,"PFA(D2, P283)"
567,10888,18711,,0.5819,2.0993,"PFA(P7, CT(P3, CT(P3, CT(P3, P3))))"
568,42379,85200,,0.4974,8.1544,"PFA(CT(D2, CT(D2, D2)), P71)"
569,323760,646953,,0.5004,62.1701,"P569"
570,15626,30780,,0.5077,2.9945,"PFA(D2, PFA(P3, PFA(P5, P19)))"
571,326040,651511,,0.5004,62.3541,"P571"
572,14919,29744,,0.5016,2.8474,"PFA(CT(D2, D2), PFA(P11, P13))"
573,110968,221178,,0.5017,21.1366,"PFA(P3, P191)"
574,28030,55678,,0.5034,5.3282,"PFA(D2, PFA(P7, P41))"
575,19088,36225,,0.5269,3.6211,"PFA(P23, CT(P5, P5))"
576,7777,16128,,0.4822,1.4724,"CT(PFA(P3, CT(D2, CT(D2, D2))), PFA(P3, CT(D2, CT(D2, D2))))"
577,332928,665281,,0.5004,62.9057,"P577"
578,20674,39882,,0.5184,3.8985,"PFA(D2, CT(P17, P17))"
579,113288,225810,,0.5017,21.3199,"PFA(P3, P193)"
580,20889,41760,,0.5002,3.9233,"PFA(CT(D2, D2), PFA(P5, P29))"
581,52200,103418,,0.5047,9.7845,"PFA(P7, P83)"
582,58582,116982,,0.5008,10.9589,"PFA(D2, PFA(P3, P97))"
583,37248,73458,,0.5071,6.9541,"PFA(P11, P53)"
584,44741,89936,,0.4975,8.3365,"PFA(CT(D2, CT(D2, D2)), P73)"
585,13748,25740,,0.5341,2.5566,"PFA(P5, PFA(CT(P3, P3), P13))"
586,172282,344568,,0.5000,31.9744,"PFA(D2, P293)"
587,344568,688551,,0.5004,63.8235,"P587"
588,11315,21756,,0.5201,2.0917,"PFA(P3, CT(PFA(D2, P7), PFA(D2, P7)))"
589,29400,57722,,0.5093,5.4243,"PFA(P19, P31)"
590,38222,76110,,0.5022,7.0381,"PFA(D2, PFA(P5, P59))"
591,118000,235218,,0.5017,21.6858,"PFA(P3, P197)"
592,24885,50320,,0.4945,4.5644,"PFA(CT(D2, CT(D2, CT(D2, D2))), P37)"
593,351648,702705,,0.5004,64.3732,"P593"
594,12442,23166,,0.5371,2.2732,"PFA(D2, PFA(P11, CT(P3, CT(P3, P3))))"
595,17016,32725,,0.5200,3.1029,"PFA(P5, PFA(P7, P17))"
596,90141,180588,,0.4992,16.4053,"PFA(CT(D2, D2), P149)"
597,120392,239994,,0.5016,21.8684,"PFA(P3, P199)"
598,22054,43654,,0.5052,3.9982,"PFA(D2, PFA(P13, P23))"
599,358800,717003,,0.5004,64.9221,"P599"
600,9823,19200,,0.5116,1.7740,"PFA(P3, CT(PFA(D2, P5), PFA(CT(D2, D2), P5)))"
601,361200,721801,,0.5004,65.1050,"P601"
602,30602,60802,,0.5033,5.5053,"PFA(D2, PFA(P7, P43))"
603,43876,86229,,0.5088,7.8782,"PFA(CT(P3, P3), P67)"
604,92559,185428,,0.4992,16.5876,"PFA(CT(D2, D2), P151)"
605,16604,30855,,0.5381,2.9699,"PFA(P5, CT(P11, P11))"
606,63422,126654,,0.5008,11.3226,"PFA(D2, PFA(P3, P101))"
607,368448,736291,,0.5004,65.6530,"P607"
608,15491,31616,,0.4900,2.7551,"PFA(P19, CT(D2, CT(D2, CT(D2, CT(D2, D2)))))"
609,23440,45675,,0.5132,4.1609,"PFA(P3, PFA(P7, P29))"
610,40738,81130,,0.5021,7.2178,"PFA(D2, PFA(P5, P61))"
611,36600,72098,,0.5076,6.4724,"PFA(P13, P47)"
612,15281,29988,,0.5096,2.6972,"PFA(CT(D2, D2), PFA(CT(P3, P3), P17))"
613,375768,750925,,0.5004,66.2004,"P613"
614,189110,378224,,0.5000,33.2535,"PFA(D2, P307)"
615,29792,58425,,0.5099,5.2288,"PFA(P3, PFA(P5, P41))"
616,13177,26488,,0.4975,2.3084,"PFA(P7, PFA(CT(D2, CT(D2, D2)), P11))"
617,380688,760761,,0.5004,66.5649,"P617"
618,65914,131634,,0.5007,11.5038,"PFA(D2, PFA(P3, P103))"
619,383160,765703,,0.5004,66.7470,"P619"
620,23571,47120,,0.5002,4.0985,"PFA(CT(D2, D2), PFA(P5, P31))"
621,19868,37260,,0.5332,3.4482,"PFA(P23, CT(P3, CT(P3, P3)))"
622,194062,388128,,0.5000,33.6176,"PFA(D2, P311)"
623,59712,118370,,0.5045,10.3248,"PFA(P7, P89)"
624,12887,26208,,0.4917,2.2242,"PFA(P3, PFA(P13, CT(D2, CT(D2, CT(D2, D2)))))"
625,13376,22500,,0.5945,2.3043,"CT(P5, CT(P5, CT(P5, P5)))"
626,196562,393128,,0.5000,33.7994,"PFA(D2, P313)"
627,20392,39501,,0.5162,3.5000,"PFA(P3, PFA(P11, P19))"
628,100005,200332,,0.4992,17.1329,"PFA(CT(D2, D2), P157)"
629,33912,66674,,0.5086,5.7991,"PFA(P17, P37)"
630,11614,22050,,0.5267,1.9824,"PFA(D2, PFA(P5, PFA(P7, CT(P3, P3))))"
631,398160,795691,,0.5004,67.8384,"P631"
632,52211,104912,,0.4977,8.8794,"PFA(CT(D2, CT(D2, D2)), P79)"
633,135248,269658,,0.5016,22.9594,"PFA(P3, P211)"
634,201610,403224,,0.5000,34.1626,"PFA(D2, P317)"
635,83688,166370,,0.5030,14.1550,"PFA(P5, P127)"
636,36823,73776,,0.4991,6.2170,"PFA(P3, PFA(CT(D2, D2), P53))"
637,17436,32487,,0.5367,2.9384,"PFA(P13, CT(P7, P7))"
638,26078,51678,,0.5046,4.3869,"PFA(D2, PFA(P11, P29))"
639,49052,96489,,0.5084,8.2367,"PFA(CT(P3, P3), P71)"
640,9157,19200,,0.4769,1.5349,"PFA(P5, CT(D2, CT(D2, CT(D2, CT(D2, CT(D2, CT(D2, D2)))))))"
641,410880,821121,,0.5004,68.7458,"P641"
642,71042,141882,,0.5007,11.8649,"PFA(D2, PFA(P3, P107))"
643,413448,826255,,0.5004,68.9271,"P643"
644,20649,41216,,0.5010,3.4363,"PFA(CT(D2, D2), PFA(P7, P23))"
645,32536,63855,,0.5095,5.4048,"PFA(P3, PFA(P5, P43))"
646,23830,47158,,0.5053,3.9515,"PFA(D2, PFA(P17, P19))"
647,418608,836571,,0.5004,69.2894,"P647"
648,10189,18792,,0.5422,1.6835,"CT(PFA(D2, P3), CT(PFA(D2, P3), PFA(D2, CT(P3, P3))))"
649,45360,89562,,0.5065,7.4814,"PFA(P11, P59)"
650,15706,29900,,0.5253,2.5859,"PFA(D2, PFA(P13, CT(P5, P5)))"
651,26360,51429,,0.5126,4.3323,"PFA(P3, PFA(P7, P31))"
652,107739,215812,,0.4992,17.6755,"PFA(CT(D2, D2), P163)"
653,426408,852165,,0.5004,69.8324,"P653"
654,73678,147150,,0.5007,12.0449,"PFA(D2, PFA(P3, P109))"
655,88944,176850,,0.5029,14.5149,"PFA(P5, P131)"
656,30201,61008,,0.4950,4.9199,"PFA(CT(D2, CT(D2, CT(D2, D2))), P41)"
657,51748,101835,,0.5082,8.4152,"PFA(CT(P3, P3), P73)"
658,36082,71722,,0.5031,5.8573,"PFA(D2, PFA(P7, P47))"
659,434280,867903,,0.5004,70.3747,"P659"
660,13613,27060,,0.5031,2.2021,"PFA(P3, PFA(CT(D2, D2), PFA(P5, P11)))"
661,436920,873181,,0.5004,70.5554,"P661"
662,219782,439568,,0.5000,35.4293,"PFA(D2, P331)"
663,21568,41769,,0.5164,3.4708,"PFA(P3, PFA(P13, P17))"
664,57511,115536,,0.4978,9.2387,"PFA(CT(D2, CT(D2, D2)), P83)"
665,20352,39235,,0.5187,3.2637,"PFA(P5, PFA(P7, P19))"
666,29138,57276,,0.5087,4.6646,"PFA(D2, PFA(CT(P3, P3), P37))"
667,34632,68034,,0.5090,5.5345,"PFA(P23, P29)"
668,113055,226452,,0.4992,18.0359,"PFA(CT(D2, D2), P167)"
669,150968,301050,,0.5015,24.0428,"PFA(P3, P223)"
670,48766,97150,,0.5020,7.7530,"PFA(D2, PFA(P5, P67))"
671,48240,95282,,0.5063,7.6562,"PFA(P11, P61)"
672,10789,22176,,0.4865,1.7094,"PFA(P3, PFA(P7, CT(D2, CT(D2, CT(D2, CT(D2, D2))))))"
673,452928,905185,,0.5004,71.6378,"P673"
674,227810,455624,,0.5000,35.9701,"PFA(D2, P337)"
675,12796,22275,,0.5745,2.0170,"CT(PFA(P3, P5), PFA(P5, CT(P3, P3)))"
676,19449,37856,,0.5138,3.0604,"CT(PFA(D2, P13), PFA(D2, P13))"
677,458328,915981,,0.5004,71.9980,"P677"
678,79094,157974,,0.5007,12.4036,"PFA(D2, PFA(P3, P113))"
679,70512,139874,,0.5041,11.0390,"PFA(P7, P97)"
680,17249,34680,,0.4974,2.6958,"PFA(P5, PFA(CT(D2, CT(D2, D2)), P17))"
681,156400,311898,,0.5014,24.4023,"PFA(P3, P227)"
682,29242,57970,,0.5044,4.5548,"PFA(D2, PFA(P11, P31))"
683,466488,932295,,0.5004,72.5379,"P683"
684,18451,36252,,0.5090,2.8643,"PFA(CT(D2, D2), PFA(CT(P3, P3), P19))"
685,97128,193170,,0.5028,15.0524,"PFA(P5, P137)"
686,15878,28812,,0.5511,2.4565,"PFA(D2, CT(P7, CT(P7, P7)))"
687,159152,317394,,0.5014,24.5817,"PFA(P3, P229)"
688,33051,66736,,0.4952,5.0963,"PFA(CT(D2, CT(D2, CT(D2, D2))), P43)"
689,45408,89570,,0.5070,6.9900,"PFA(P13, P53)"
690,21682,42780,,0.5068,3.3321,"PFA(D2, PFA(P3, PFA(P5, P23)))"
691,477480,954271,,0.5004,73.2569,"P691"
692,121269,242892,,0.4993,18.5746,"PFA(CT(D2, D2), P173)"
693,16316,30492,,0.5351,2.4949,"PFA(P7, PFA(CT(P3, P3), P11))"
694,241510,483024,,0.5000,36.8688,"PFA(D2, P347)"
695,99936,198770,,0.5028,15.2309,"PFA(P5, P139)"
696,24539,49416,,0.4966,3.7337,"PFA(P3, PFA(CT(D2, CT(D2, D2)), P29))"
697,40368,79458,,0.5080,6.1320,"PFA(P17, P41)"
698,244298,488600,,0.5000,37.0482,"PFA(D2, P349)"
699,164728,328530,,0.5014,24.9401,"PFA(P3, P233)"
700,13487,25900,,0.5207,2.0386,"PFA(P7, CT(PFA(D2, P5), PFA(D2, P5)))"
701,491400,982101,,0.5004,74.1541,"P701"
702,16118,30186,,0.5340,2.4283,"PFA(D2, PFA(P13, CT(P3, CT(P3, P3))))"
703,39312,77330,,0.5084,5.9129,"PFA(P19, P37)"
704,13323,27456,,0.4852,2.0006,"PFA(P11, CT(D2, CT(D2, CT(D2, CT(D2, CT(D2, D2))))))"
705,38384,75435,,0.5088,5.7544,"PFA(P3, PFA(P5, P47))"
706,249922,499848,,0.5000,37.4065,"PFA(D2, P353)"
707,76248,151298,,0.5040,11.3936,"PFA(P7, P101)"
708,45241,90624,,0.4992,6.7493,"PFA(P3, PFA(CT(D2, D2), P59))"
709,502680,1004653,,0.5004,74.8707,"P709"
710,54518,108630,,0.5019,8.1069,"PFA(D2, PFA(P5, P71))"
711,60268,118737,,0.5076,8.9474,"PFA(CT(P3, P3), P79)"
712,65941,132432,,0.4979,9.7738,"PFA(CT(D2, CT(D2, D2)), P89)"
713,38448,75578,,0.5087,5.6896,"PFA(P23, P31)"
714,19610,38556,,0.5086,2.8972,"PFA(D2, PFA(P3, PFA(P7, P17)))"
715,20472,39325,,0.5206,3.0197,"PFA(P5, PFA(P11, P13))"
716,129771,259908,,0.4993,19.1109,"PFA(CT(D2, D2), P179)"
717,173272,345594,,0.5014,25.4762,"PFA(P3, P239)"
718,258478,516960,,0.5000,37.9430,"PFA(D2, P359)"
719,516960,1033203,,0.5003,75.7650,"P719"
720,11141,22320,,0.4991,1.6302,"PFA(P5, CT(PFA(P3, CT(D2, D2)), PFA(P3, CT(D2, D2))))"
721,79200,157178,,0.5039,11.5704,"PFA(P7, P103)"
722,28730,55594,,0.5168,4.1905,"PFA(D2, CT(P19, P19))"
723,176168,351378,,0.5014,25.6545,"PFA(P3, P241)"
724,132669,265708,,0.4993,19.2892,"PFA(CT(D2, D2), P181)"
725,28424,54375,,0.5227,4.1261,"PFA(CT(P5, P5), P29)"
726,19102,36300,,0.5262,2.7685,"PFA(D2, PFA(P3, CT(P11, P11)))"
727,528528,1056331,,0.5003,76.4794,"P727"
728,17039,34216,,0.4980,2.4617,"PFA(P7, PFA(CT(D2, CT(D2, D2)), P13))"
729,13852,21870,,0.6334,1.9981,"CT(P3, CT(P3, CT(P3, CT(P3, CT(P3, P3)))))"
730,57514,114610,,0.5018,8.2830,"PFA(D2, PFA(P5, P73))"
731,43800,86258,,0.5078,6.2980,"PFA(P17, P43)"
732,48239,96624,,0.4992,6.9254,"PFA(P3, PFA(CT(D2, D2), P61))"
733,537288,1073845,,0.5003,77.0145,"P733"
734,270110,540224,,0.5000,38.6567,"PFA(D2, P367)"
735,16108,29400,,0.5479,2.3017,"PFA(P3, PFA(P5, CT(P7, P7)))"
736,21703,44160,,0.4915,3.0963,"PFA(P23, CT(D2, CT(D2, CT(D2, CT(D2, D2)))))"
737,57408,113498,,0.5058,8.1774,"PFA(P11, P67)"
738,35242,69372,,0.5080,5.0122,"PFA(D2, PFA(CT(P3, P3), P41))"
739,546120,1091503,,0.5003,77.5491,"P739"
740,32577,65120,,0.5003,4.6187,"PFA(CT(D2, D2), PFA(P5, P37))"
741,25592,49647,,0.5155,3.6228,"PFA(P3, PFA(P13, P19))"
742,45142,89782,,0.5028,6.3803,"PFA(D2, PFA(P7, P53))"
743,552048,1103355,,0.5003,77.9052,"P743"
744,27721,55800,,0.4968,3.9059,"PFA(P3, PFA(CT(D2, CT(D2, D2)), P31))"
745,114576,227970,,0.5026,16.1190,"PFA(P5, P149)"
746,279002,558008,,0.5000,39.1906,"PFA(D2, P373)"
747,66308,130725,,0.5072,9.2997,"PFA(CT(P3, P3), P83)"
748,22515,44880,,0.5017,3.1529,"PFA(CT(D2, D2), PFA(P11, P17))"
749,85272,169274,,0.5038,11.9227,"PFA(P7, P107)"
750,14606,26250,,0.5564,2.0391,"PFA(D2, PFA(P3, CT(P5, CT(P5, P5))))"
751,564000,1127251,,0.5003,78.6166,"P751"
752,39135,78960,,0.4956,5.4467,"PFA(CT(D2, CT(D2, CT(D2, D2))), P47)"
753,191008,381018,,0.5013,26.5435,"PFA(P3, P251)"
754,32338,64090,,0.5046,4.4870,"PFA(D2, PFA(P13, P29))"
755,117624,234050,,0.5026,16.2958,"PFA(P5, P151)"
756,13675,25704,,0.5320,1.8917,"PFA(P7, CT(PFA(D2, P3), PFA(D2, CT(P3, P3))))"
757,573048,1145341,,0.5003,79.1496,"P757"
758,288038,576080,,0.5000,39.7235,"PFA(D2, P379)"
759,27728,53889,,0.5145,3.8182,"PFA(P3, PFA(P11, P23))"
760,20803,41800,,0.4977,2.8603,"PFA(P5, PFA(CT(D2, CT(D2, D2)), P19))"
761,579120,1157481,,0.5003,79.5046,"P761"
762,99562,198882,,0.5006,13.6478,"PFA(D2, PFA(P3, P127))"
763,88392,175490,,0.5037,12.0983,"PFA(P7, P109)"
764,147639,295668,,0.4993,20.1771,"PFA(CT(D2, D2), P191)"
765,21052,39780,,0.5292,2.8727,"PFA(P5, PFA(CT(P3, P3), P17))"
766,294142,588288,,0.5000,40.0782,"PFA(D2, P383)"
767,55152,108914,,0.5064,7.5034,"PFA(P13, P59)"
768,10499,22272,,0.4714,1.4263,"PFA(P3, CT(D2, CT(D2, CT(D2, CT(D2, CT(D2, CT(D2, CT(D2, D2))))))))"
769,591360,1181953,,0.5003,80.2140,"P769"
770,18146,35420,,0.5123,2.4577,"PFA(D2, PFA(P5, PFA(P7, P11)))"
771,200200,399378,,0.5013,27.0748,"PFA(P3, P257)"
772,150729,301852,,0.4993,20.3540,"PFA(CT(D2, D2), P193)"
773,597528,1194285,,0.5003,80.5683,"P773"
774,38510,75852,,0.5077,5.1848,"PFA(D2, PFA(CT(P3, P3), P43))"
775,31936,61225,,0.5216,4.2933,"PFA(CT(P5, P5), P31)"
776,78077,156752,,0.4981,10.4808,"PFA(CT(D2, CT(D2, D2)), P97)"
777,36128,70707,,0.5110,4.8425,"PFA(P3, PFA(P7, P37))"
778,303418,606840,,0.5000,40.6094,"PFA(D2, P389)"
779,46680,91922,,0.5078,6.2384,"PFA(P19, P41)"
780,17659,35100,,0.5031,2.3565,"PFA(P3, PFA(CT(D2, D2), PFA(P5, P13)))"
781,63960,126522,,0.5055,8.5226,"PFA(P11, P71)"
782,31982,63342,,0.5049,4.2553,"PFA(D2, PFA(P17, P23))"
783,29756,56376,,0.5278,3.9533,"PFA(CT(P3, CT(P3, P3)), P29)"
784,15009,29792,,0.5038,1.9911,"CT(PFA(CT(D2, D2), P7), PFA(CT(D2, D2), P7))"
785,127008,252770,,0.5025,16.8245,"PFA(P5, P157)"
786,105842,211434,,0.5006,14.0002,"PFA(D2, PFA(P3, P131))"
787,619368,1237951,,0.5003,81.8067,"P787"
788,157005,314412,,0.4994,20.7071,"PFA(CT(D2, D2), P197)"
789,209608,418170,,0.5013,27.6045,"PFA(P3, P263)"
790,66982,133510,,0.5017,8.8084,"PFA(D2, PFA(P5, P79))"
791,94800,188258,,0.5036,12.4485,"PFA(P7, P113)"
792,16043,31680,,0.5064,2.1036,"PFA(P11, CT(PFA(D2, P3), PFA(P3, CT(D2, D2))))"
793,58608,115778,,0.5062,7.6737,"PFA(P13, P61)"
794,316010,632024,,0.5000,41.3161,"PFA(D2, P397)"
795,48056,94605,,0.5080,6.2739,"PFA(P3, PFA(P5, P53))"
796,160191,320788,,0.4994,20.8833,"PFA(CT(D2, D2), P199)"
797,635208,1269621,,0.5003,82.6896,"P797"
798,23518,46284,,0.5081,3.0571,"PFA(D2, PFA(P3, PFA(P7, P19)))"
799,51072,100674,,0.5073,6.6293,"PFA(P17, P47)"
800,13121,26400,,0.4970,1.7007,"CT(PFA(CT(D2, D2), P5), PFA(P5, CT(D2, CT(D2, D2))))"
801,75908,149787,,0.5068,9.8248,"PFA(CT(P3, P3), P89)"
802,322402,644808,,0.5000,41.6687,"PFA(D2, P401)"
803,67368,133298,,0.5054,8.6945,"PFA(P11, P73)"
804,57809,115776,,0.4993,7.4501,"PFA(P3, PFA(CT(D2, D2), P67))"
805,27864,53935,,0.5166,3.5859,"PFA(P5, PFA(P7, P23))"
806,36182,71734,,0.5044,4.6497,"PFA(D2, PFA(P13, P31))"
807,219232,437394,,0.5012,28.1329,"PFA(P3, P269)"
808,84529,169680,,0.4982,10.8317,"PFA(CT(D2, CT(D2, D2)), P101)"
809,654480,1308153,,0.5003,83.7473,"P809"
810,14698,25920,,0.5671,1.8781,"PFA(D2, PFA(P5, CT(P3, CT(P3, CT(P3, P3)))))"
811,657720,1314631,,0.5003,83.9234,"P811"
812,30915,61712,,0.5010,3.9391,"PFA(CT(D2, D2), PFA(P7, P29))"
813,222488,443898,,0.5012,28.3087,"PFA(P3, P271)"
814,39790,78958,,0.5039,5.0556,"PFA(D2, PFA(P11, P37))"
815,136752,272210,,0.5024,17.3508,"PFA(P5, P163)"
816,20131,40800,,0.4934,2.5506,"PFA(P3, PFA(CT(D2, CT(D2, CT(D2, D2))), P17))"
817,50592,99674,,0.5076,6.4010,"PFA(P19, P43)"
818,335378,670760,,0.5000,42.3728,"PFA(D2, P409)"
819,20932,39312,,0.5325,2.6409,"PFA(P7, PFA(CT(P3, P3), P13))"
820,39381,78720,,0.5003,4.9616,"PFA(CT(D2, D2), PFA(P5, P41))"
821,674040,1347261,,0.5003,84.8031,"P821"
822,115622,230982,,0.5006,14.5264,"PFA(D2, PFA(P3, P137))"
823,677328,1353835,,0.5003,84.9788,"P823"
824,87851,176336,,0.4982,11.0066,"PFA(CT(D2, CT(D2, D2)), P103)"
825,19648,36300,,0.5413,2.4582,"PFA(P3, PFA(P11, CT(P5, P5)))"
826,55210,109858,,0.5026,6.8979,"PFA(D2, PFA(P7, P59))"
827,683928,1367031,,0.5003,85.3302,"P827"
828,25655,50508,,0.5079,3.1964,"PFA(CT(D2, D2), PFA(CT(P3, P3), P23))"
829,687240,1373653,,0.5003,85.5059,"P829"
830,73694,146910,,0.5016,9.1563,"PFA(D2, PFA(P5, P83))"
831,232400,463698,,0.5012,28.8351,"PFA(P3, P277)"
832,17421,35776,,0.4869,2.1585,"PFA(P13, CT(D2, CT(D2, CT(D2, CT(D2, CT(D2, D2))))))"
833,26148,49147,,0.5320,3.2354,"PFA(P17, CT(P7, P7))"
834,118978,237690,,0.5006,14.7012,"PFA(D2, PFA(P3, P139))"
835,143448,285570,,0.5023,17.7004,"PFA(P5, P167)"
836,26841,53504,,0.5017,3.3074,"PFA(CT(D2, D2), PFA(P11, P19))"
837,33484,63612,,0.5264,4.1203,"PFA(CT(P3, CT(P3, P3)), P31)"
838,351958,703920,,0.5000,43.2505,"PFA(D2, P419)"
839,703920,1407003,,0.5003,86.3832,"P839"
840,15077,30240,,0.4986,1.8477,"PFA(P3, PFA(P5, PFA(P7, CT(D2, CT(D2, D2)))))"
841,49504,95874,,0.5163,6.0584,"CT(P29, P29)"
842,355322,710648,,0.5000,43.4258,"PFA(D2, P421)"
843,239128,477138,,0.5012,29.1853,"PFA(P3, P281)"
844,179979,360388,,0.4994,21.9363,"PFA(CT(D2, D2), P211)"
845,26616,49855,,0.5339,3.2396,"PFA(P5, CT(P13, P13))"
846,45478,89676,,0.5071,5.5279,"PFA(D2, PFA(CT(P3, P3), P47))"
847,24988,46585,,0.5364,3.0332,"PFA(P7, CT(P11, P11))"
848,49221,99216,,0.4961,5.9667,"PFA(CT(D2, CT(D2, CT(D2, D2))), P53)"
849,242528,483930,,0.5012,29.3602,"PFA(P3, P283)"
850,23954,45900,,0.5219,2.8959,"PFA(D2, PFA(P17, CT(P5, P5)))"
851,51000,100418,,0.5079,6.1573,"PFA(P23, P37)"
852,64669,129504,,0.4994,7.7971,"PFA(P3, PFA(CT(D2, D2), P71))"
853,727608,1454365,,0.5003,87.6092,"P853"
854,58790,116998,,0.5025,7.0692,"PFA(D2, PFA(P7, P61))"
855,25244,47880,,0.5272,3.0314,"PFA(P5, PFA(CT(P3, P3), P19))"
856,94687,190032,,0.4983,11.3551,"PFA(CT(D2, CT(D2, D2)), P107)"
857,734448,1468041,,0.5003,87.9591,"P857"
858,23594,46332,,0.5092,2.8219,"PFA(D2, PFA(P3, PFA(P11, P13)))"
859,737880,1474903,,0.5003,88.1340,"P859"
860,43023,86000,,0.5003,5.1319,"PFA(CT(D2, D2), PFA(P5, P43))"
861,43480,85239,,0.5101,5.1795,"PFA(P3, PFA(P7, P41))"
862,372382,744768,,0.5000,44.3004,"PFA(D2, P431)"
863,744768,1488675,,0.5003,88.4835,"P863"
864,13105,25920,,0.5056,1.5549,"CT(PFA(D2, P3), CT(PFA(P3, CT(D2, D2)), PFA(P3, CT(D2, D2))))"
865,153792,306210,,0.5022,18.2231,"PFA(P5, P173)"
866,375842,751688,,0.5000,44.4751,"PFA(D2, P433)"
867,32456,61557,,0.5273,3.8356,"PFA(P3, CT(P17, P17))"
868,34785,69440,,0.5009,4.1054,"PFA(CT(D2, D2), PFA(P7, P31))"
869,78120,154682,,0.5050,9.2077,"PFA(P11, P79)"
870,32566,64380,,0.5058,3.8334,"PFA(D2, PFA(P3, PFA(P5, P29)))"
871,69600,137618,,0.5057,8.1818,"PFA(P13, P67)"
872,98201,197072,,0.4983,11.5288,"PFA(CT(D2, CT(D2, D2)), P109)"
873,89716,177219,,0.5062,10.5189,"PFA(CT(P3, P3), P97)"
874,37498,74290,,0.5048,4.3907,"PFA(D2, PFA(P19, P23))"
875,19832,35000,,0.5666,2.3191,"PFA(P7, CT(P5, CT(P5, P5)))"
876,68243,136656,,0.4994,7.9698,"PFA(P3, PFA(CT(D2, D2), P73))"
877,769128,1537381,,0.5003,89.7054,"P877"
878,386318,772640,,0.5000,44.9984,"PFA(D2, P439)"
879,259888,518610,,0.5011,30.2323,"PFA(P3, P293)"
880,18279,36960,,0.4946,2.1236,"PFA(P5, PFA(P11, CT(D2, CT(D2, CT(D2, D2)))))"
881,776160,1551441,,0.5003,90.0541,"P881"
882,18482,34398,,0.5373,2.1416,"PFA(D2, CT(PFA(P3, P7), PFA(P3, P7)))"
883,779688,1558495,,0.5003,90.2283,"P883"
884,28389,56576,,0.5018,3.2810,"PFA(CT(D2, D2), PFA(P13, P17))"
885,58808,115935,,0.5072,6.7878,"PFA(P3, PFA(P5, P59))"
886,393382,786768,,0.5000,45.3468,"PFA(D2, P443)"
887,786768,1572651,,0.5003,90.5767,"P887"
888,38419,77256,,0.4973,4.4173,"PFA(P3, PFA(CT(D2, CT(D2, D2)), P37))"
889,118992,236474,,0.5032,13.6636,"PFA(P7, P127)"
890,84362,168210,,0.5015,9.6746,"PFA(D2, PFA(P5, P89))"
891,20720,36531,,0.5672,2.3731,"PFA(P11, CT(P3, CT(P3, CT(P3, P3))))"
892,200919,402292,,0.4994,22.9821,"PFA(CT(D2, D2), P223)"
893,58872,116090,,0.5071,6.7254,"PFA(P19, P47)"
894,136478,272670,,0.5005,15.5710,"PFA(D2, PFA(P3, P149))"
895,164496,327570,,0.5022,18.7435,"PFA(P5, P179)"
896,14663,30464,,0.4813,1.6686,"PFA(P7, CT(D2, CT(D2, CT(D2, CT(D2, CT(D2, CT(D2, D2)))))))"
897,34576,67275,,0.5140,3.9297,"PFA(P3, PFA(P13, P23))"
898,404098,808200,,0.5000,45.8687,"PFA(D2, P449)"
899,53880,106082,,0.5079,6.1080,"PFA(P29, P31)"
900,16081,30600,,0.5255,1.8207,"CT(PFA(D2, PFA(P3, P5)), PFA(D2, PFA(P3, P5)))"
901,63000,124338,,0.5067,7.1237,"PFA(P17, P53)"
902,47702,94710,,0.5037,5.3871,"PFA(D2, PFA(P11, P41))"
903,47408,93009,,0.5097,5.3471,"PFA(P3, PFA(P7, P43))"
904,105421,211536,,0.4984,11.8752,"PFA(CT(D2, CT(D2, D2)), P113)"
905,168144,334850,,0.5021,18.9166,"PFA(P5, P181)"
906,140122,279954,,0.5005,15.7441,"PFA(D2, PFA(P3, P151))"
907,822648,1644391,,0.5003,92.3158,"P907"
908,208155,416772,,0.4994,23.3292,"PFA(CT(D2, D2), P227)"
909,97052,191799,,0.5060,10.8635,"PFA(CT(P3, P3), P101)"
910,23278,45500,,0.5116,2.6023,"PFA(D2, PFA(P5, PFA(P7, P13)))"
911,829920,1658931,,0.5003,92.6630,"P911"
912,24329,49248,,0.4940,2.7130,"PFA(P3, PFA(CT(D2, CT(D2, CT(D2, D2))), P19))"
913,85728,169818,,0.5048,9.5477,"PFA(P11, P83)"
914,418610,837224,,0.5000,46.5632,"PFA(D2, P457)"
915,62632,123525,,0.5070,6.9580,"PFA(P3, PFA(P5, P61))"
916,211821,424108,,0.4995,23.5025,"PFA(CT(D2, D2), P229)"
917,126408,251258,,0.5031,14.0080,"PFA(P7, P131)"
918,24766,46818,,0.5290,2.7410,"PFA(D2, PFA(P17, CT(P3, CT(P3, P3))))"
919,844560,1688203,,0.5003,93.3570,"P919"
920,28871,57960,,0.4981,3.1874,"PFA(P5, PFA(CT(D2, CT(D2, D2)), P23))"
921,285200,569178,,0.5011,31.4473,"PFA(P3, P307)"
922,425962,851928,,0.5000,46.9099,"PFA(D2, P461)"
923,77448,153218,,0.5055,8.5185,"PFA(P13, P71)"
924,20959,41580,,0.5041,2.3024,"PFA(P3, PFA(CT(D2, D2), PFA(P7, P11)))"
925,43672,84175,,0.5188,4.7916,"PFA(CT(P5, P5), P37)"
926,429662,859328,,0.5000,47.0831,"PFA(D2, P463)"
927,100828,199305,,0.5059,11.0352,"PFA(CT(P3, P3), P103)"
928,32941,66816,,0.4930,3.6008,"PFA(P29, CT(D2, CT(D2, CT(D2, CT(D2, D2)))))"
929,863040,1725153,,0.5003,94.2234,"P929"
930,36674,72540,,0.5056,3.9990,"PFA(D2, PFA(P3, PFA(P5, P31)))"
931,31092,58653,,0.5301,3.3861,"PFA(P19, CT(P7, P7))"
932,219249,438972,,0.4995,23.8485,"PFA(CT(D2, D2), P233)"
933,292648,584058,,0.5011,31.7932,"PFA(P3, P311)"
934,437110,874224,,0.5000,47.4293,"PFA(D2, P467)"
935,30528,58905,,0.5183,3.3084,"PFA(P5, PFA(P11, P17))"
936,20845,41184,,0.5061,2.2563,"PFA(P13, CT(PFA(D2, P3), PFA(P3, CT(D2, D2))))"
937,877968,1755001,,0.5003,94.9157,"P937"
938,70202,139762,,0.5023,7.5802,"PFA(D2, PFA(P7, P67))"
939,296408,591570,,0.5011,31.9660,"PFA(P3, P313)"
940,50787,101520,,0.5003,5.4704,"PFA(CT(D2, D2), PFA(P5, P47))"
941,885480,1770021,,0.5003,95.2616,"P941"
942,151342,302382,,0.5005,16.2618,"PFA(D2, PFA(P3, P157))"
943,60288,118818,,0.5074,6.4701,"PFA(P23, P41)"
944,60459,121776,,0.4965,6.4806,"PFA(CT(D2, CT(D2, CT(D2, D2))), P59)"
945,19556,34965,,0.5593,2.0937,"PFA(P5, PFA(P7, CT(P3, CT(P3, P3))))"
946,51922,103114,,0.5035,5.5520,"PFA(D2, PFA(P11, P43))"
947,896808,1792671,,0.5003,95.7801,"P947"
948,79541,159264,,0.4994,8.4848,"PFA(P3, PFA(CT(D2, D2), P79))"
949,81528,161330,,0.5053,8.6863,"PFA(P13, P73)"
950,28678,55100,,0.5205,3.0518,"PFA(D2, PFA(P19, CT(P5, P5)))"
951,304000,606738,,0.5010,32.3111,"PFA(P3, P317)"
952,26107,52360,,0.4986,2.7715,"PFA(P7, PFA(CT(D2, CT(D2, D2)), P17))"
953,908208,1815465,,0.5003,96.2982,"P953"
954,57010,112572,,0.5064,6.0376,"PFA(D2, PFA(CT(P3, P3), P53))"
955,186984,372450,,0.5020,19.7785,"PFA(P5, P191)"
956,230631,461748,,0.4995,24.3661,"PFA(CT(D2, D2), P239)"
957,40712,79431,,0.5125,4.2961,"PFA(P3, PFA(P11, P29))"
958,459838,919680,,0.5000,48.4656,"PFA(D2, P479)"
959,137952,274274,,0.5030,14.5224,"PFA(P7, P137)"
960,14863,30720,,0.4838,1.5628,"PFA(P3, PFA(P5, CT(D2, CT(D2, CT(D2, CT(D2, CT(D2, D2)))))))"
961,60420,117242,,0.5153,6.3453,"CT(P31, P31)"
962,48962,97162,,0.5039,5.1359,"PFA(D2, PFA(P13, P37))"
963,108596,214749,,0.5057,11.3777,"PFA(CT(P3, P3), P107)"
964,234489,469468,,0.4995,24.5383,"PFA(CT(D2, D2), P241)"
965,190872,380210,,0.5020,19.9503,"PFA(P5, P193)"
966,32342,63756,,0.5073,3.3764,"PFA(D2, PFA(P3, PFA(P7, P23)))"
967,935088,1869211,,0.5003,97.5056,"P967"
968,25169,49368,,0.5098,2.6214,"CT(PFA(D2, P11), PFA(CT(D2, D2), P11))"
969,37360,72675,,0.5141,3.8865,"PFA(P3, PFA(P17, P19))"
970,99706,198850,,0.5014,10.3599,"PFA(D2, PFA(P5, P97))"
971,942840,1884711,,0.5003,97.8501,"P971"
972,17245,30132,,0.5723,1.7876,"CT(PFA(D2, CT(P3, P3)), PFA(D2, CT(P3, CT(P3, P3))))"
973,141912,282170,,0.5029,14.6933,"PFA(P7, P139)"
974,475310,950624,,0.5000,49.1548,"PFA(D2, P487)"
975,25184,46800,,0.5381,2.6014,"PFA(P3, PFA(P13, CT(P5, P5)))"
976,64461,129808,,0.4966,6.6507,"PFA(CT(D2, CT(D2, CT(D2, D2))), P61)"
977,954528,1908081,,0.5003,98.3667,"P977"
978,162994,325674,,0.5005,16.7773,"PFA(D2, PFA(P3, P163))"
979,97800,193842,,0.5045,10.0550,"PFA(P11, P89)"
980,20949,40180,,0.5214,2.1513,"PFA(P5, CT(PFA(D2, P7), PFA(D2, P7)))"
981,112588,222687,,0.5056,11.5483,"PFA(CT(P3, P3), P109)"
982,483142,966288,,0.5000,49.4989,"PFA(D2, P491)"
983,966288,1931595,,0.5003,98.8828,"P983"
984,46511,93480,,0.4976,4.7541,"PFA(P3, PFA(CT(D2, CT(D2, D2)), P41))"
985,198768,395970,,0.5020,20.2932,"PFA(P5, P197)"
986,46250,91698,,0.5044,4.7164,"PFA(D2, PFA(P17, P29))"
987,55768,109557,,0.5090,5.6804,"PFA(P3, PFA(P7, P47))"
988,33711,67184,,0.5018,3.4298,"PFA(CT(D2, D2), PFA(P13, P19))"
989,65208,128570,,0.5072,6.6266,"PFA(P23, P43)"
990,22262,42570,,0.5230,2.2597,"PFA(D2, PFA(P5, PFA(CT(P3, P3), P11)))"
991,982080,1963171,,0.5003,99.5705,"P991"
992,37199,75392,,0.4934,3.7672,"PFA(P31, CT(D2, CT(D2, CT(D2, CT(D2, D2)))))"
993,331328,661338,,0.5010,33.5150,"PFA(P3, P331)"
994,78370,156058,,0.5022,7.9183,"PFA(D2, PFA(P7, P71))"
995,202776,403970,,0.5020,20.4643,"PFA(P5, P199)"
996,87553,175296,,0.4995,8.8258,"PFA(P3, PFA(CT(D2, D2), P83))"
997,994008,1987021,,0.5003,100.0857,"P997"
998,498998,998000,,0.5000,50.1860,"PFA(D2, P499)"
999,45964,87912,,0.5228,4.6175,"PFA(CT(P3, CT(P3, P3)), P37)"
1000,19101,36000,,0.5306,1.9167,"CT(PFA(D2, P5), CT(PFA(D2, P5), PFA(D2, P5)))"
1001,30720,59059,,0.5202,3.0790,"PFA(P7, PFA(P11, P13))"
1002,171002,341682,,0.5005,17.1197,"PFA(D2, PFA(P3, P167))"
1003,76152,150450,,0.5062,7.6152,"PFA(P17, P59)"
1004,254259,509028,,0.4995,25.3969,"PFA(CT(D2, D2), P251)"
1005,74824,147735,,0.5065,7.4653,"PFA(P3, PFA(P5, P67))"
1006,507022,1014048,,0.5000,50.5291,"PFA(D2, P503)"
1007,72432,142994,,0.5065,7.2103,"PFA(P19, P53)"
1008,17671,35280,,0.5009,1.7571,"PFA(P7, CT(PFA(P3, CT(D2, D2)), PFA(P3, CT(D2, D2))))"
1009,1018080,2035153,,0.5002,101.1152,"P1009"
1010,107858,215130,,0.5014,10.7003,"PFA(D2, PFA(P5, P101))"
1011,343400,685458,,0.5010,34.0291,"PFA(P3, P337)"
1012,36549,72864,,0.5016,3.6177,"PFA(CT(D2, D2), PFA(P11, P23))"
1013,1026168,2051325,,0.5002,101.4580,"P1013"
1014,30790,58812,,0.5235,3.0408,"PFA(D2, PFA(P3, CT(P13, P13)))"
1015,41232,80185,,0.5142,4.0674,"PFA(P5, PFA(P7, P29))"
1016,132707,266192,,0.4985,13.0765,"PFA(CT(D2, CT(D2, D2)), P127)"
1017,120788,238995,,0.5054,11.8887,"PFA(CT(P3, P3), P113)"
1018,519178,1038360,,0.5000,51.0431,"PFA(D2, P509)"
1019,1038360,2075703,,0.5002,101.9719,"P1019"
1020,27191,54060,,0.5030,2.6673,"PFA(P3, PFA(CT(D2, D2), PFA(P5, P17)))"
1021,1042440,2083861,,0.5002,102.1431,"P1021"
1022,82622,164542,,0.5021,8.0866,"PFA(D2, PFA(P7, P73))"
1023,45568,89001,,0.5120,4.4550,"PFA(P3, PFA(P11, P31))"
1024,14337,30720,14337,0.4667,1.4001,"CT(D2, CT(D2, CT(D2, CT(D2, CT(D2, CT(D2, CT(D2, CT(D2, CT(D2, D2)))))))))"
1025,52496,101475,,0.5173,5.1208,"PFA(CT(P5, P5), P41)"
1026,29738,56430,,0.5270,2.8976,"PFA(D2, PFA(P19, CT(P3, CT(P3, P3))))"
1027,94392,186914,,0.5050,9.1872,"PFA(P13, P79)"
1028,266505,533532,,0.4995,25.9100,"PFA(CT(D2, D2), P257)"
1029,25532,45276,,0.5639,2.4795,"PFA(P3, CT(P7, CT(P7, P7)))"
1030,112054,223510,,0.5013,10.8699,"PFA(D2, PFA(P5, P103))"
1031,1062960,2124891,,0.5002,102.9987,"P1031"
1032,50845,102168,,0.4977,4.9213,"PFA(P3, PFA(CT(D2, CT(D2, D2)), P43))"
1033,1067088,2133145,,0.5002,103.1697,"P1033"
1034,60890,120978,,0.5033,5.8805,"PFA(D2, PFA(P11, P47))"
1035,34708,66240,,0.5240,3.3483,"PFA(P5, PFA(CT(P3, P3), P23))"
1036,47739,95312,,0.5009,4.6003,"PFA(CT(D2, D2), PFA(P7, P37))"
1037,80808,159698,,0.5060,7.7783,"PFA(P17, P61)"
1038,183374,366414,,0.5005,17.6315,"PFA(D2, PFA(P3, P173))"
1039,1079520,2158003,,0.5002,103.6824,"P1039"
1040,23697,47840,,0.4953,2.2735,"PFA(P5, PFA(P13, CT(D2, CT(D2, CT(D2, D2)))))"
1041,364000,726618,,0.5010,34.8835,"PFA(P3, P347)"
1042,543922,1087848,,0.5000,52.0689,"PFA(D2, P521)"
1043,162552,323330,,0.5027,15.5438,"PFA(P7, P149)"
1044,38621,76212,,0.5068,3.6890,"PFA(CT(D2, D2), PFA(CT(P3, P3), P29))"
1045,36216,70015,,0.5173,3.4555,"PFA(P5, PFA(P11, P19))"
1046,548102,1096208,,0.5000,52.2396,"PFA(D2, P523)"
1047,368192,734994,,0.5009,35.0540,"PFA(P3, P349)"
1048,141079,282960,,0.4986,13.4169,"PFA(CT(D2, CT(D2, D2)), P131)"
1049,1100400,2199753,,0.5002,104.5361,"P1049"
1050,21802,40950,,0.5324,2.0689,"PFA(D2, PFA(P3, PFA(P7, CT(P5, P5))))"
1051,1104600,2208151,,0.5002,104.7068,"P1051"
1052,279039,558612,,0.4995,26.4218,"PFA(CT(D2, D2), P263)"
1053,26608,47385,,0.5615,2.5167,"PFA(P13, CT(P3, CT(P3, CT(P3, P3))))"
1054,51550,102238,,0.5042,4.8706,"PFA(D2, PFA(P17, P31))"
1055,227664,453650,,0.5018,21.4871,"PFA(P5, P211)"
1056,21233,43296,,0.4904,2.0018,"PFA(P3, PFA(P11, CT(D2, CT(D2, CT(D2, CT(D2, D2))))))"
1057,166848,331898,,0.5027,15.7131,"PFA(P7, P151)"
1058,50602,98394,,0.5143,4.7604,"PFA(D2, CT(P23, P23))"
1059,376648,751890,,0.5009,35.3948,"PFA(P3, P353)"
1060,63633,127200,,0.5003,5.9733,"PFA(CT(D2, D2), PFA(P5, P53))"
1061,1125720,2250381,,0.5002,105.5593,"P1061"
1062,69838,138060,,0.5059,6.5417,"PFA(D2, PFA(CT(P3, P3), P59))"
1063,1129968,2258875,,0.5002,105.7297,"P1063"
1064,31313,62776,,0.4988,2.9268,"PFA(P7, PFA(CT(D2, CT(D2, D2)), P19))"
1065,83552,165075,,0.5061,7.8011,"PFA(P3, PFA(P5, P71))"
1066,58522,116194,,0.5037,5.4582,"PFA(D2, PFA(P13, P41))"
1067,115128,228338,,0.5042,10.7262,"PFA(P11, P97)"
1068,100291,200784,,0.4995,9.3339,"PFA(P3, PFA(CT(D2, D2), P89))"
1069,1142760,2284453,,0.5002,106.2407,"P1069"
1070,120686,240750,,0.5013,11.2080,"PFA(D2, PFA(P5, P107))"
1071,31676,59976,,0.5281,2.9386,"PFA(P7, PFA(CT(P3, P3), P17))"
1072,77235,155440,,0.4969,7.1575,"PFA(CT(D2, CT(D2, CT(D2, D2))), P67)"
1073,70752,139490,,0.5072,6.5497,"PFA(P29, P37)"
1074,196178,392010,,0.5004,18.1413,"PFA(D2, PFA(P3, P179))"
1075,57208,110725,,0.5167,5.2846,"PFA(CT(P5, P5), P43)"
1076,291861,584268,,0.4995,26.9322,"PFA(CT(D2, D2), P269)"
1077,389512,777594,,0.5009,35.9050,"PFA(P3, P359)"
1078,28414,53900,,0.5272,2.6164,"PFA(D2, PFA(P11, CT(P7, P7)))"
1079,103488,205010,,0.5048,9.5193,"PFA(P13, P83)"
1080,18689,35640,,0.5244,1.7173,"PFA(P5, CT(PFA(D2, P3), PFA(CT(D2, D2), CT(P3, P3))))"
1081,75600,149178,,0.5068,6.9393,"PFA(P23, P47)"
1082,586442,1172888,,0.5000,53.7724,"PFA(D2, P541)"
1083,44900,85557,,0.5248,4.1127,"PFA(P3, CT(P19, P19))"
1084,296199,592948,,0.4995,27.1020,"PFA(CT(D2, D2), P271)"
1085,46248,90055,,0.5136,4.2272,"PFA(P5, PFA(P7, P31))"
1086,200542,400734,,0.5004,18.3108,"PFA(D2, PFA(P3, P181))"
1087,1181568,2362051,,0.5002,107.7716,"P1087"
1088,27153,55488,,0.4893,2.4740,"PFA(P17, CT(D2, CT(D2, CT(D2, CT(D2, CT(D2, D2))))))"
1089,30592,56628,,0.5402,2.7845,"CT(PFA(P3, P11), PFA(P3, P11))"
1090,125122,249610,,0.5013,11.3766,"PFA(D2, PFA(P5, P109))"
1091,1190280,2379471,,0.5002,108.1114,"P1091"
1092,26969,53508,,0.5040,2.4470,"PFA(P3, PFA(CT(D2, D2), PFA(P7, P13)))"
1093,1194648,2388205,,0.5002,108.2812,"P1093"
1094,599510,1199024,,0.5000,54.2820,"PFA(D2, P547)"
1095,88096,174105,,0.5060,7.9682,"PFA(P3, PFA(P5, P73))"
1096,154117,309072,,0.4986,13.9253,"PFA(CT(D2, CT(D2, D2)), P137)"
1097,1203408,2405721,,0.5002,108.6208,"P1097"
1098,74402,147132,,0.5057,6.7086,"PFA(D2, PFA(CT(P3, P3), P61))"
1099,180072,358274,,0.5026,16.2197,"PFA(P7, P157)"
1100,25651,49500,,0.5182,2.3081,"PFA(P11, CT(PFA(D2, P5), PFA(D2, P5)))"
1101,407000,812538,,0.5009,36.5837,"PFA(P3, P367)"
1102,53902,106894,,0.5043,4.8400,"PFA(D2, PFA(P19, P29))"
1103,1216608,2432115,,0.5002,109.1299,"P1103"
1104,33877,68448,,0.4949,3.0356,"PFA(P3, PFA(CT(D2, CT(D2, CT(D2, D2))), P23))"
1105,38304,74035,,0.5174,3.4288,"PFA(P5, PFA(P13, P17))"
1106,96050,191338,,0.5020,8.5890,"PFA(D2, PFA(P7, P79))"
1107,55364,106272,,0.5210,4.9457,"PFA(CT(P3, CT(P3, P3)), P41)"
1108,309405,619372,,0.4995,27.6106,"PFA(CT(D2, D2), P277)"
1109,1229880,2458653,,0.5002,109.6386,"P1109"
1110,50438,99900,,0.5049,4.4917,"PFA(D2, PFA(P3, PFA(P5, P37)))"
1111,124320,246642,,0.5041,11.0598,"PFA(P11, P101)"
1112,158591,318032,,0.4987,14.0941,"PFA(CT(D2, CT(D2, D2)), P139)"
1113,69568,136899,,0.5082,6.1762,"PFA(P3, PFA(P7, P53))"
1114,621610,1243224,,0.5000,55.1298,"PFA(D2, P557)"
1115,253992,506210,,0.5018,22.5031,"PFA(P5, P223)"
1116,43519,85932,,0.5064,3.8517,"PFA(CT(D2, D2), PFA(CT(P3, P3), P31))"
1117,1247688,2494261,,0.5002,110.3164,"P1117"
1118,63614,126334,,0.5035,5.6188,"PFA(D2, PFA(P13, P43))"
1119,420368,839250,,0.5009,37.0916,"PFA(P3, P373)"
1120,20371,41440,,0.4916,1.7956,"PFA(P5, PFA(P7, CT(D2, CT(D2, CT(D2, CT(D2, D2))))))"
1121,87360,172634,,0.5060,7.6926,"PFA(P19, P59)"
1122,35362,69564,,0.5083,3.1107,"PFA(D2, PFA(P3, PFA(P11, P17)))"
1123,1261128,2521135,,0.5002,110.8244,"P1123"
1124,318369,637308,,0.4996,27.9489,"PFA(CT(D2, D2), P281)"
1125,23956,41625,,0.5755,2.1009,"CT(PFA(P3, P5), PFA(P3, CT(P5, P5)))"
1126,635062,1270128,,0.5000,55.6376,"PFA(D2, P563)"
1127,42156,80017,,0.5268,3.6895,"PFA(P23, CT(P7, P7))"
1128,60089,120696,,0.4979,5.2537,"PFA(P3, PFA(CT(D2, CT(D2, D2)), P47))"
1129,1274640,2548153,,0.5002,111.3320,"P1129"
1130,134234,267810,,0.5012,11.7127,"PFA(D2, PFA(P5, P113))"
1131,50392,98397,,0.5121,4.3925,"PFA(P3, PFA(P13, P29))"
1132,322899,646372,,0.4996,28.1179,"PFA(CT(D2, D2), P283)"
1133,129048,256058,,0.5040,11.2261,"PFA(P11, P103)"
1134,22910,40824,,0.5612,1.9910,"PFA(D2, PFA(P7, CT(P3, CT(P3, CT(P3, P3)))))"
1135,263088,524370,,0.5017,22.8404,"PFA(P5, P227)"
1136,86391,173808,,0.4970,7.4926,"PFA(CT(D2, CT(D2, CT(D2, D2))), P71)"
1137,433952,866394,,0.5009,37.5986,"PFA(P3, P379)"
1138,648658,1297320,,0.5000,56.1448,"PFA(D2, P569)"
1139,95592,189074,,0.5056,8.2657,"PFA(P17, P67)"
1140,32677,64980,,0.5029,2.8227,"PFA(P3, PFA(CT(D2, D2), PFA(P5, P19)))"
1141,193800,385658,,0.5025,16.7241,"PFA(P7, P163)"
1142,653222,1306448,,0.5000,56.3137,"PFA(D2, P571)"
1143,151756,300609,,0.5048,13.0697,"PFA(CT(P3, P3), P127)"
1144,31411,62920,,0.4992,2.7025,"PFA(CT(D2, CT(D2, D2)), PFA(P11, P13))"
1145,267696,533570,,0.5017,23.0088,"PFA(P5, P229)"
1146,223082,445794,,0.5004,19.1551,"PFA(D2, PFA(P3, P191))"
1147,77928,153698,,0.5070,6.6847,"PFA(P31, P37)"
1148,57495,114800,,0.5008,4.9270,"PFA(CT(D2, D2), PFA(P7, P41))"
1149,443128,884730,,0.5009,37.9360,"PFA(P3, P383)"
1150,39326,75900,,0.5181,3.3633,"PFA(D2, PFA(P23, CT(P5, P5)))"
1151,1324800,2648451,,0.5002,113.1907,"P1151"
1152,17233,35712,,0.4826,1.4709,"CT(PFA(P3, CT(D2, CT(D2, D2))), PFA(P3, CT(D2, CT(D2, CT(D2, D2)))))"
1153,1329408,2657665,,0.5002,113.3595,"P1153"
1154,667010,1334024,,0.5000,56.8201,"PFA(D2, P577)"
1155,29144,55440,,0.5257,2.4802,"PFA(P3, PFA(P5, PFA(P7, P11)))"
1156,42569,83232,,0.5114,3.6191,"CT(PFA(D2, P17), PFA(D2, P17))"
1157,117912,233714,,0.5045,10.0148,"PFA(P13, P89)"
1158,227734,455094,,0.5004,19.3233,"PFA(D2, PFA(P3, P193))"
1159,92640,183122,,0.5059,7.8528,"PFA(P19, P61)"
1160,43373,87000,,0.4985,3.6730,"PFA(P5, PFA(CT(D2, CT(D2, D2)), P29))"
1161,60388,116100,,0.5201,5.1088,"PFA(CT(P3, CT(P3, P3)), P43)"
1162,105562,210322,,0.5019,8.9218,"PFA(D2, PFA(P7, P83))"
1163,1352568,2703975,,0.5002,114.2027,"P1163"
1164,118619,237456,,0.4995,10.0057,"PFA(P3, PFA(CT(D2, D2), P97))"
1165,277032,552210,,0.5017,23.3451,"PFA(P5, P233)"
1166,75662,150414,,0.5030,6.3697,"PFA(D2, PFA(P11, P53))"
1167,457072,912594,,0.5008,38.4414,"PFA(P3, P389)"
1168,91161,183376,,0.4971,7.6595,"PFA(CT(D2, CT(D2, CT(D2, D2))), P73)"
1169,203232,404474,,0.5025,17.0592,"PFA(P7, P167)"
1170,28666,54990,,0.5213,2.4039,"PFA(D2, PFA(P5, PFA(CT(P3, P3), P13)))"
1171,1371240,2741311,,0.5002,114.8768,"P1171"
1172,346029,692652,,0.4996,28.9606,"PFA(CT(D2, D2), P293)"
1173,49928,97359,,0.5128,4.1746,"PFA(P3, PFA(P17, P23))"
1174,690310,1380624,,0.5000,57.6626,"PFA(D2, P587)"
1175,67232,130425,,0.5155,5.6105,"PFA(CT(P5, P5), P47)"
1176,24139,47040,,0.5132,2.0125,"PFA(P3, CT(PFA(D2, P7), PFA(CT(D2, D2), P7)))"
1177,138768,275418,,0.5038,11.5578,"PFA(P11, P107)"
1178,59978,118978,,0.5041,4.9906,"PFA(D2, PFA(P19, P31))"
1179,161252,319509,,0.5047,13.4044,"PFA(CT(P3, P3), P131)"
1180,77919,155760,,0.5003,6.4709,"PFA(CT(D2, D2), PFA(P5, P59))"
1181,1394760,2788341,,0.5002,115.7185,"P1181"
1182,237182,473982,,0.5004,19.6592,"PFA(D2, PFA(P3, P197))"
1183,39696,74529,,0.5326,3.2871,"PFA(P7, CT(P13, P13))"
1184,51509,104192,,0.4944,4.2612,"PFA(CT(D2, CT(D2, CT(D2, CT(D2, D2)))), P37)"
1185,102448,202635,,0.5056,8.4670,"PFA(P3, PFA(P5, P79))"
1186,704482,1408968,,0.5000,58.1673,"PFA(D2, P593)"
1187,1408968,2816751,,0.5002,116.2232,"P1187"
1188,26303,49896,,0.5272,2.1676,"PFA(P11, CT(PFA(D2, P3), PFA(D2, CT(P3, P3))))"
1189,83160,164082,,0.5068,6.8465,"PFA(P29, P41)"
1190,35222,69020,,0.5103,2.8970,"PFA(D2, PFA(P5, PFA(P7, P17)))"
1191,476000,950418,,0.5008,39.1139,"PFA(P3, P397)"
1192,181921,364752,,0.4988,14.9345,"PFA(CT(D2, CT(D2, D2)), P149)"
1193,1423248,2845305,,0.5002,116.7275,"P1193"
1194,241978,483570,,0.5004,19.8268,"PFA(D2, PFA(P3, P199))"
1195,291336,580770,,0.5016,23.8483,"PFA(P5, P239)"
1196,45603,90896,,0.5017,3.7294,"PFA(CT(D2, D2), PFA(P13, P23))"
1197,37804,71820,,0.5264,3.0887,"PFA(P7, PFA(CT(P3, P3), P19))"
1198,718798,1437600,,0.5000,58.6714,"PFA(D2, P599)"
1199,143760,285362,,0.5038,11.7232,"PFA(P11, P109)"
1200,21203,42000,,0.5048,1.7274,"PFA(P3, CT(PFA(CT(D2, D2), P5), PFA(CT(D2, D2), P5)))"
1201,1442400,2883601,,0.5002,117.3995,"P1201"
1202,723602,1447208,,0.5000,58.8393,"PFA(D2, P601)"
1203,485608,969618,,0.5008,39.4495,"PFA(P3, P401)"
1204,62709,125216,,0.5008,5.0895,"PFA(CT(D2, D2), PFA(P7, P43))"
1205,296184,590450,,0.5016,24.0157,"PFA(P5, P241)"
1206,88958,176076,,0.5052,7.2062,"PFA(D2, PFA(CT(P3, P3), P67))"
1207,106128,210018,,0.5053,8.5890,"PFA(P17, P71)"
1208,186779,374480,,0.4988,15.1018,"PFA(CT(D2, CT(D2, D2)), P151)"
1209,56288,110019,,0.5116,4.5468,"PFA(P3, PFA(P13, P31))"
1210,34418,65340,,0.5268,2.7776,"PFA(D2, PFA(P5, CT(P11, P11)))"
1211,217800,433538,,0.5024,17.5602,"PFA(P7, P173)"
1212,128359,256944,,0.4996,10.3393,"PFA(P3, PFA(CT(D2, D2), P101))"
1213,1471368,2941525,,0.5002,118.4065,"P1213"
1214,738110,1476224,,0.5000,59.3427,"PFA(D2, P607)"
1215,24872,41310,,0.6021,1.9978,"PFA(P5, CT(P3, CT(P3, CT(P3, CT(P3, P3)))))"
1216,32787,66880,,0.4902,2.6311,"PFA(P19, CT(D2, CT(D2, CT(D2, CT(D2, CT(D2, D2))))))"
1217,1481088,2960961,,0.5002,118.7419,"P1217"
1218,48098,95004,,0.5063,3.8525,"PFA(D2, PFA(P3, PFA(P7, P29)))"
1219,92568,182850,,0.5063,7.4075,"PFA(P23, P53)"
1220,83001,165920,,0.5002,6.6357,"PFA(CT(D2, D2), PFA(P5, P61))"
1221,61720,120879,,0.5106,4.9297,"PFA(P3, PFA(P11, P37))"
1222,74422,147862,,0.5033,5.9387,"PFA(D2, PFA(P13, P47))"
1223,1495728,2990235,,0.5002,119.2448,"P1223"
1224,32177,63648,,0.5055,2.5629,"PFA(P17, CT(PFA(D2, P3), PFA(P3, CT(D2, D2))))"
1225,29716,53900,,0.5513,2.3647,"CT(PFA(P5, P7), PFA(P5, P7))"
1226,752762,1505528,,0.5000,59.8454,"PFA(D2, P613)"
1227,505112,1008594,,0.5008,40.1196,"PFA(P3, P409)"
1228,379755,760132,,0.4996,30.1349,"PFA(CT(D2, D2), P307)"
1229,1510440,3019653,,0.5002,119.7473,"P1229"
1230,60814,120540,,0.5045,4.8168,"PFA(D2, PFA(P3, PFA(P5, P41)))"
1231,1515360,3029491,,0.5002,119.9148,"P1231"
1232,28125,56672,,0.4963,2.2236,"PFA(P7, PFA(P11, CT(D2, CT(D2, CT(D2, D2)))))"
1233,176036,348939,,0.5045,13.9045,"PFA(CT(P3, P3), P137)"
1234,762610,1525224,,0.5000,60.1802,"PFA(D2, P617)"
1235,45288,87685,,0.5165,3.5705,"PFA(P5, PFA(P13, P19))"
1236,133373,266976,,0.4996,10.5055,"PFA(P3, PFA(CT(D2, D2), P103))"
1237,1530168,3059101,,0.5002,120.4170,"P1237"
1238,767558,1535120,,0.5000,60.3475,"PFA(D2, P619)"
1239,84880,167265,,0.5075,6.6674,"PFA(P3, PFA(P7, P59))"
1240,48847,97960,,0.4986,3.8334,"PFA(P5, PFA(CT(D2, CT(D2, D2)), P31))"
1241,111600,220898,,0.5052,8.7501,"PFA(P17, P73)"
1242,40978,78246,,0.5237,3.2100,"PFA(D2, PFA(P23, CT(P3, CT(P3, P3))))"
1243,154008,305778,,0.5037,12.0530,"PFA(P11, P113)"
1244,389679,779988,,0.4996,30.4692,"PFA(CT(D2, D2), P311)"
1245,112616,222855,,0.5053,8.7974,"PFA(P3, PFA(P5, P83))"
1246,120670,240478,,0.5018,9.4180,"PFA(D2, PFA(P7, P89))"
1247,89712,177074,,0.5066,6.9954,"PFA(P29, P43)"
1248,27607,56160,,0.4916,2.1507,"PFA(P3, PFA(P13, CT(D2, CT(D2, CT(D2, CT(D2, D2))))))"
1249,1560000,3118753,,0.5002,121.4205,"P1249"
1250,28002,48750,,0.5744,2.1775,"PFA(D2, CT(P5, CT(P5, CT(P5, P5))))"
1251,181108,359037,,0.5044,14.0706,"PFA(CT(P3, P3), P139)"
1252,394689,790012,,0.4996,30.6362,"PFA(CT(D2, D2), P313)"
1253,232872,463610,,0.5023,18.0593,"PFA(P7, P179)"
1254,42038,82764,,0.5079,3.2571,"PFA(D2, PFA(P3, PFA(P11, P19)))"
1255,321024,640050,,0.5016,24.8503,"PFA(P5, P251)"
1256,201737,404432,,0.4988,15.6022,"PFA(CT(D2, CT(D2, D2)), P157)"
1257,530032,1058394,,0.5008,40.9551,"PFA(P3, P419)"
1258,69082,137122,,0.5038,5.3331,"PFA(D2, PFA(P17, P37))"
1259,1585080,3168903,,0.5002,122.2559,"P1259"
1260,24803,47880,,0.5180,1.9113,"PFA(CT(D2, D2), PFA(P5, PFA(P7, CT(P3, P3))))"
1261,138600,274898,,0.5042,10.6708,"PFA(P13, P97)"
1262,797582,1595168,,0.5000,61.3502,"PFA(D2, P631)"
1263,535088,1068498,,0.5008,41.1219,"PFA(P3, P421)"
1264,106239,213616,,0.4973,8.1572,"PFA(CT(D2, CT(D2, CT(D2, D2))), P79)"
1265,48912,94875,,0.5155,3.7522,"PFA(P5, PFA(P11, P23))"
1266,271762,543114,,0.5004,20.8287,"PFA(D2, PFA(P3, P211))"
1267,238008,473858,,0.5023,18.2253,"PFA(P7, P181)"
1268,404805,810252,,0.4996,30.9698,"PFA(CT(D2, D2), P317)"
1269,71084,137052,,0.5187,5.4334,"PFA(CT(P3, CT(P3, P3)), P47)"
1270,168646,336550,,0.5011,12.8792,"PFA(D2, PFA(P5, P127))"
1271,91440,180482,,0.5066,6.9768,"PFA(P31, P41)"
1272,75395,151368,,0.4981,5.7475,"PFA(P3, PFA(CT(D2, CT(D2, D2)), P53))"
1273,109392,216410,,0.5055,8.3316,"PFA(P19, P67)"
1274,36146,68796,,0.5254,2.7505,"PFA(D2, PFA(P13, CT(P7, P7)))"
1275,38056,71400,,0.5330,2.8933,"PFA(P3, PFA(P17, CT(P5, P5)))"
1276,53751,107184,,0.5015,4.0829,"PFA(CT(D2, D2), PFA(P11, P29))"
1277,1630728,3260181,,0.5002,123.7577,"P1277"
1278,99382,196812,,0.5050,7.5355,"PFA(D2, PFA(CT(P3, P3), P71))"
1279,1635840,3270403,,0.5002,123.9244,"P1279"
1280,20229,42240,,0.4789,1.5311,"PFA(P5, CT(D2, CT(D2, CT(D2, CT(D2, CT(D2, CT(D2, CT(D2, D2))))))))"
1281,90320,178059,,0.5072,6.8301,"PFA(P3, PFA(P7, P61))"
1282,823042,1646088,,0.5000,62.1840,"PFA(D2, P641)"
1283,1646088,3290895,,0.5002,124.2577,"P1283"
1284,143689,287616,,0.4996,10.8370,"PFA(P3, PFA(CT(D2, D2), P107))"
1285,336408,670770,,0.5015,25.3493,"PFA(P5, P257)"
1286,828182,1656368,,0.5000,62.3505,"PFA(D2, P643)"
1287,38108,72072,,0.5287,2.8665,"PFA(CT(P3, P3), PFA(P11, P13))"
1288,43069,86296,,0.4991,3.2368,"PFA(P7, PFA(CT(D2, CT(D2, D2)), P23))"
1289,1661520,3321753,,0.5002,124.7575,"P1289"
1290,66362,131580,,0.5043,4.9785,"PFA(D2, PFA(P3, PFA(P5, P43)))"
1291,1666680,3332071,,0.5002,124.9240,"P1291"
1292,49275,98192,,0.5018,3.6901,"PFA(CT(D2, D2), PFA(P17, P19))"
1293,560728,1119738,,0.5008,41.9546,"PFA(P3, P431)"
1294,838510,1677024,,0.5000,62.6835,"PFA(D2, P647)"
1295,62976,123025,,0.5119,4.7037,"PFA(P5, PFA(P7, P37))"
1296,22033,41472,,0.5313,1.6442,"CT(PFA(D2, P3), CT(PFA(D2, P3), PFA(CT(D2, D2), CT(P3, P3))))"
1297,1682208,3363121,,0.5002,125.4235,"P1297"
1298,92018,183018,,0.5028,6.8547,"PFA(D2, PFA(P11, P59))"
1299,565928,1130130,,0.5008,42.1209,"PFA(P3, P433)"
1300,32933,63700,,0.5170,2.4490,"PFA(P13, CT(PFA(D2, P5), PFA(D2, P5)))"
1301,1692600,3383901,,0.5002,125.7562,"P1301"
1302,54022,106764,,0.5060,4.0102,"PFA(D2, PFA(P3, PFA(P7, P31)))"
1303,1697808,3394315,,0.5002,125.9226,"P1303"
1304,217271,435536,,0.4989,16.1004,"PFA(CT(D2, CT(D2, D2)), P163)"
1305,51604,99180,,0.5203,3.8207,"PFA(P5, PFA(CT(P3, P3), P29))"
1306,854122,1708248,,0.5000,63.1825,"PFA(D2, P653)"
1307,1708248,3415191,,0.5002,126.2552,"P1307"
1308,148991,298224,,0.4996,11.0022,"PFA(P3, PFA(CT(D2, D2), P109))"
1309,45432,87703,,0.5180,3.3520,"PFA(P7, PFA(P11, P17))"
1310,179198,357630,,0.5011,13.2098,"PFA(D2, PFA(P5, P131))"
1311,58432,114057,,0.5123,4.3037,"PFA(P3, PFA(P19, P23))"
1312,62329,125952,,0.4949,4.5867,"PFA(CT(D2, CT(D2, CT(D2, CT(D2, D2)))), P41)"
1313,149568,296738,,0.5040,10.9969,"PFA(P13, P101)"
1314,104810,207612,,0.5048,7.6994,"PFA(D2, PFA(CT(P3, P3), P73))"
1315,352152,702210,,0.5015,25.8469,"PFA(P5, P263)"
1316,73809,147392,,0.5008,5.4127,"PFA(CT(D2, D2), PFA(P7, P47))"
1317,581672,1161594,,0.5008,42.6192,"PFA(P3, P439)"
1318,869878,1739760,,0.5000,63.6810,"PFA(D2, P659)"
1319,1739760,3478203,,0.5002,127.2523,"P1319"
1320,29041,58080,,0.5000,2.1223,"PFA(P3, PFA(P5, PFA(CT(D2, CT(D2, D2)), P11)))"
1321,1745040,3488761,,0.5002,127.4184,"P1321"
1322,875162,1750328,,0.5000,63.8470,"PFA(D2, P661)"
1323,30556,54243,,0.5633,2.2273,"CT(PFA(P3, P7), PFA(P7, CT(P3, P3)))"
1324,441219,883108,,0.4996,32.1335,"PFA(CT(D2, D2), P331)"
1325,83768,162975,,0.5140,6.0955,"PFA(CT(P5, P5), P53)"
1326,44462,87516,,0.5080,3.2326,"PFA(D2, PFA(P3, PFA(P13, P17)))"
1327,1760928,3520531,,0.5002,127.9165,"P1327"
1328,116931,235056,,0.4975,8.4868,"PFA(CT(D2, CT(D2, CT(D2, D2))), P83)"
1329,592288,1182810,,0.5007,42.9509,"PFA(P3, P443)"
1330,42034,82460,,0.5098,3.0456,"PFA(D2, PFA(P5, PFA(P7, P19)))"
1331,45860,83853,,0.5469,3.3199,"CT(P11, CT(P11, P11))"
1332,59941,118548,,0.5056,4.3356,"PFA(CT(D2, D2), PFA(CT(P3, P3), P37))"
1333,98568,194618,,0.5065,7.1234,"PFA(P31, P43)"
1334,70598,140070,,0.5040,5.0977,"PFA(D2, PFA(P23, P29))"
1335,128768,254985,,0.5050,9.2901,"PFA(P3, PFA(P5, P89))"
1336,227947,456912,,0.4989,16.4314,"PFA(CT(D2, CT(D2, D2)), P167)"
1337,264528,526778,,0.5022,19.0521,"PFA(P7, P191)"
1338,303274,606114,,0.5004,21.8241,"PFA(D2, PFA(P3, P223))"
1339,155208,307970,,0.5040,11.1595,"PFA(P13, P103)"
1340,99207,198320,,0.5002,7.1270,"PFA(CT(D2, D2), PFA(P5, P67))"
1341,207548,411687,,0.5041,14.8975,"PFA(CT(P3, P3), P149)"
1342,97822,194590,,0.5027,7.0155,"PFA(D2, PFA(P11, P61))"
1343,128832,255170,,0.5049,9.2317,"PFA(P17, P79)"
1344,23573,48384,,0.4872,1.6877,"PFA(P3, PFA(P7, CT(D2, CT(D2, CT(D2, CT(D2, CT(D2, D2)))))))"
1345,368256,734370,,0.5015,26.3433,"PFA(P5, P269)"
1346,907202,1814408,,0.5000,64.8421,"PFA(D2, P673)"
1347,608392,1214994,,0.5007,43.4479,"PFA(P3, P449)"
1348,457305,915292,,0.4996,32.6306,"PFA(CT(D2, D2), P337)"
1349,121320,240122,,0.5052,8.6494,"PFA(P19, P71)"
1350,26942,48600,,0.5544,1.9192,"PFA(D2, CT(PFA(P3, P5), PFA(P5, CT(P3, P3))))"
1351,270000,537698,,0.5021,19.2169,"PFA(P7, P193)"
1352,40613,79768,,0.5091,2.8881,"CT(PFA(D2, P13), PFA(CT(D2, D2), P13))"
1353,73808,144771,,0.5098,5.2443,"PFA(P3, PFA(P11, P41))"
1354,918010,1836024,,0.5000,65.1733,"PFA(D2, P677)"
1355,373704,745250,,0.5014,26.5085,"PFA(P5, P271)"
1356,159883,320016,,0.4996,11.3317,"PFA(P3, PFA(CT(D2, D2), P113))"
1357,111192,219834,,0.5058,7.8741,"PFA(P23, P59)"
1358,142382,283822,,0.5017,10.0744,"PFA(D2, PFA(P7, P97))"
1359,213052,422649,,0.5041,15.0621,"PFA(CT(P3, P3), P151)"
1360,36453,73440,,0.4964,2.5750,"PFA(P5, PFA(CT(D2, CT(D2, CT(D2, D2))), P17))"
1361,1852320,3703281,,0.5002,130.7339,"P1361"
1362,314162,627882,,0.5004,22.1545,"PFA(D2, PFA(P3, P227))"
1363,103512,204450,,0.5063,7.2935,"PFA(P29, P47)"
1364,60189,120032,,0.5014,4.2374,"PFA(CT(D2, D2), PFA(P11, P31))"
1365,37192,70980,,0.5240,2.6162,"PFA(P3, PFA(P5, PFA(P7, P13)))"
1366,934342,1868688,,0.5000,65.6697,"PFA(D2, P683)"
1367,1868688,3736011,,0.5002,131.2303,"P1367"
1368,38707,76608,,0.5053,2.7160,"PFA(P19, CT(PFA(D2, P3), PFA(P3, CT(D2, D2))))"
1369,102528,199874,,0.5130,7.1881,"CT(P37, P37)"
1370,195626,390450,,0.5010,13.7038,"PFA(D2, PFA(P5, P137))"
1371,630200,1258578,,0.5007,44.1094,"PFA(P3, P457)"
1372,33237,61740,,0.5383,2.3244,"CT(PFA(D2, P7), PFA(D2, CT(P7, P7)))"
1373,1885128,3768885,,0.5002,131.7264,"P1373"
1374,319678,638910,,0.5003,22.3195,"PFA(D2, PFA(P3, P229))"
1375,36736,66000,,0.5566,2.5627,"PFA(P11, CT(P5, CT(P5, P5)))"
1376,68123,137600,,0.4951,4.7484,"PFA(CT(D2, CT(D2, CT(D2, CT(D2, D2)))), P43)"
1377,40328,72981,,0.5526,2.8087,"PFA(P17, CT(P3, CT(P3, CT(P3, P3))))"
1378,92194,183274,,0.5030,6.4156,"PFA(D2, PFA(P13, P53))"
1379,281112,559874,,0.5021,19.5459,"PFA(P7, P197)"
1380,45089,89700,,0.5027,3.1325,"PFA(P3, PFA(CT(D2, D2), PFA(P5, P23)))"
1381,1907160,3812941,,0.5002,132.3874,"P1381"
1382,956342,1912688,,0.5000,66.3308,"PFA(D2, P691)"
1383,641248,1280658,,0.5007,44.4396,"PFA(P3, P461)"
1384,244441,489936,,0.4989,16.9263,"PFA(CT(D2, CT(D2, D2)), P173)"
1385,390288,778370,,0.5014,27.0032,"PFA(P5, P277)"
1386,34018,65142,,0.5222,2.3517,"PFA(D2, PFA(P7, PFA(CT(P3, P3), P11)))"
1387,127512,252434,,0.5051,8.8078,"PFA(P19, P73)"
1388,484755,970212,,0.4996,33.4567,"PFA(CT(D2, D2), P347)"
1389,646808,1291770,,0.5007,44.6046,"PFA(P3, P463)"
1390,201262,401710,,0.5010,13.8679,"PFA(D2, PFA(P5, P139))"
1391,166800,331058,,0.5038,11.4839,"PFA(P13, P107)"
1392,51079,103008,,0.4959,3.5138,"PFA(P3, PFA(CT(D2, CT(D2, CT(D2, D2))), P29))"
1393,286752,571130,,0.5021,19.7101,"PFA(P7, P199)"
1394,82130,163098,,0.5036,5.6407,"PFA(D2, PFA(P17, P41))"
1395,57956,111600,,0.5193,3.9772,"PFA(P5, PFA(CT(P3, P3), P31))"
1396,490341,981388,,0.4996,33.6216,"PFA(CT(D2, D2), P349)"
1397,192648,382778,,0.5033,13.1987,"PFA(P11, P127)"
1398,330854,661254,,0.5003,22.6490,"PFA(D2, PFA(P3, P233))"
1399,1957200,3913003,,0.5002,133.8732,"P1399"
1400,28787,56000,,0.5141,1.9674,"PFA(P7, CT(PFA(D2, P5), PFA(CT(D2, D2), P5)))"
1401,658000,1314138,,0.5007,44.9343,"PFA(P3, P467)"
1402,984202,1968408,,0.5000,67.1559,"PFA(D2, P701)"
1403,117768,232898,,0.5057,8.0292,"PFA(P23, P61)"
1404,33913,64584,,0.5251,2.3103,"PFA(P13, CT(PFA(D2, P3), PFA(D2, CT(P3, P3))))"
1405,401544,800850,,0.5014,27.3323,"PFA(P5, P281)"
1406,80030,158878,,0.5037,5.4431,"PFA(D2, PFA(P19, P37))"
1407,107648,212457,,0.5067,7.3155,"PFA(P3, PFA(P7, P67))"
1408,28747,59136,,0.4861,1.9520,"PFA(P11, CT(D2, CT(D2, CT(D2, CT(D2, CT(D2, CT(D2, D2)))))))"
1409,1985280,3969153,,0.5002,134.6977,"P1409"
1410,78178,155100,,0.5040,5.3000,"PFA(D2, PFA(P3, PFA(P5, P47)))"
1411,141000,279378,,0.5047,9.5512,"PFA(P17, P83)"
1412,501609,1003932,,0.4996,33.9510,"PFA(CT(D2, D2), P353)"
1413,229996,456399,,0.5039,15.5546,"PFA(CT(P3, P3), P157)"
1414,153910,306838,,0.5016,10.4005,"PFA(D2, PFA(P7, P101))"
1415,407232,812210,,0.5014,27.4967,"PFA(P5, P283)"
1416,92429,185496,,0.4983,6.2359,"PFA(P3, PFA(CT(D2, CT(D2, D2)), P59))"
1417,172752,342914,,0.5038,11.6456,"PFA(P13, P109)"
1418,1006778,2013560,,0.5000,67.8150,"PFA(D2, P709)"
1419,80248,157509,,0.5095,5.4010,"PFA(P3, PFA(P11, P43))"
1420,110811,221520,,0.5002,7.4521,"PFA(CT(D2, D2), PFA(P5, P71))"
1421,61692,117943,,0.5231,4.1455,"PFA(P29, CT(P7, P7))"
1422,121958,241740,,0.5045,8.1886,"PFA(D2, PFA(CT(P3, P3), P79))"
1423,2024928,4048435,,0.5002,135.8508,"P1423"
1424,133929,269136,,0.4976,8.9780,"PFA(CT(D2, CT(D2, CT(D2, D2))), P89)"
1425,45392,85500,,0.5309,3.0405,"PFA(P3, PFA(P19, CT(P5, P5)))"
1426,78322,155434,,0.5039,5.2420,"PFA(D2, PFA(P23, P31))"
1427,2036328,4071231,,0.5002,136.1800,"P1427"
1428,41005,81396,,0.5038,2.7400,"PFA(P3, PFA(CT(D2, D2), PFA(P7, P17)))"
1429,2042040,4082653,,0.5002,136.3446,"P1429"
1430,42374,82940,,0.5109,2.8270,"PFA(D2, PFA(P5, PFA(P11, P13)))"
1431,88748,171720,,0.5168,5.9162,"PFA(CT(P3, CT(P3, P3)), P53)"
1432,261511,524112,,0.4990,17.4192,"PFA(CT(D2, CT(D2, D2)), P179)"
1433,2053488,4105545,,0.5002,136.6737,"P1433"
1434,347978,695490,,0.5003,23.1419,"PFA(D2, PFA(P3, P239))"
1435,75528,147805,,0.5110,5.0189,"PFA(P5, PFA(P7, P41))"
1436,518751,1038228,,0.4997,34.4444,"PFA(CT(D2, D2), P359)"
1437,692152,1382394,,0.5007,45.9216,"PFA(P3, P479)"
1438,1035358,2070720,,0.5000,68.6377,"PFA(D2, P719)"
1439,2070720,4140003,,0.5002,137.1671,"P1439"
1440,24317,48960,,0.4967,1.6095,"PFA(P5, CT(PFA(P3, CT(D2, D2)), PFA(P3, CT(D2, CT(D2, D2)))))"
1441,204480,406362,,0.5032,13.5236,"PFA(P11, P131)"
1442,159842,318682,,0.5016,10.5631,"PFA(D2, PFA(P7, P103))"
1443,75848,148629,,0.5103,5.0084,"PFA(P3, PFA(P13, P37))"
1444,58977,115520,,0.5105,3.8913,"CT(PFA(D2, P19), PFA(D2, P19))"
1445,57176,108375,,0.5276,3.7695,"PFA(P5, CT(P17, P17))"
1446,353782,707094,,0.5003,23.3060,"PFA(D2, PFA(P3, P241))"
1447,2093808,4186171,,0.5002,137.8246,"P1447"
1448,267329,535760,,0.4990,17.5831,"PFA(CT(D2, CT(D2, D2)), P181)"
1449,51572,98532,,0.5234,3.3894,"PFA(P7, PFA(CT(P3, P3), P23))"
1450,58298,113100,,0.5155,3.8284,"PFA(D2, PFA(CT(P5, P5), P29))"
1451,2105400,4209351,,0.5002,138.1532,"P1451"
1452,39779,76956,,0.5169,2.6082,"PFA(P3, CT(PFA(D2, P11), PFA(D2, P11)))"
1453,2111208,4220965,,0.5002,138.3174,"P1453"
1454,1058510,2117024,,0.5000,69.2948,"PFA(D2, P727)"
1455,151984,301185,,0.5046,9.9418,"PFA(P3, PFA(P5, P97))"
1456,36171,72800,,0.4969,2.3642,"PFA(P7, PFA(P13, CT(D2, CT(D2, CT(D2, D2)))))"
1457,113568,224378,,0.5061,7.4173,"PFA(P31, P47)"
1458,29162,48114,,0.6061,1.9031,"PFA(D2, CT(P3, CT(P3, CT(P3, CT(P3, CT(P3, P3))))))"
1459,2128680,4255903,,0.5002,138.8100,"P1459"
1460,116853,233600,,0.5002,7.6140,"PFA(CT(D2, D2), PFA(P5, P73))"
1461,715400,1428858,,0.5007,46.5782,"PFA(P3, P487)"
1462,89062,176902,,0.5035,5.7941,"PFA(D2, PFA(P17, P43))"
1463,53712,103873,,0.5171,3.4916,"PFA(P7, PFA(P11, P19))"
1464,98491,197640,,0.4983,6.3976,"PFA(P3, PFA(CT(D2, CT(D2, D2)), P61))"
1465,436272,870210,,0.5013,28.3166,"PFA(P5, P293)"
1466,1076042,2152088,,0.5000,69.7872,"PFA(D2, P733)"
1467,247588,491445,,0.5038,16.0450,"PFA(CT(P3, P3), P163)"
1468,542055,1084852,,0.4997,35.1008,"PFA(CT(D2, D2), P367)"
1469,184968,367250,,0.5037,11.9683,"PFA(P13, P113)"
1470,33686,63210,,0.5329,2.1780,"PFA(D2, PFA(P3, PFA(P5, CT(P7, P7))))"
1471,2163840,4326211,,0.5002,139.7945,"P1471"
1472,45591,92736,,0.4916,2.9431,"PFA(P23, CT(D2, CT(D2, CT(D2, CT(D2, CT(D2, D2))))))"
1473,727168,1452378,,0.5007,46.9060,"PFA(P3, P491)"
1474,116290,231418,,0.5025,7.4955,"PFA(D2, PFA(P11, P67))"
1475,102104,199125,,0.5128,6.5761,"PFA(CT(P5, P5), P59)"
1476,72329,143172,,0.5052,4.6548,"PFA(CT(D2, D2), PFA(CT(P3, P3), P41))"
1477,321768,641018,,0.5020,20.6918,"PFA(P7, P211)"
1478,1093718,2187440,,0.5000,70.2791,"PFA(D2, P739)"
1479,71840,140505,,0.5113,4.6127,"PFA(P3, PFA(P17, P29))"
1480,67189,134680,,0.4989,4.3107,"PFA(P5, PFA(CT(D2, CT(D2, D2)), P37))"
1481,2193360,4385241,,0.5002,140.6142,"P1481"
1482,52666,103740,,0.5077,3.3738,"PFA(D2, PFA(P3, PFA(P13, P19)))"
1483,2199288,4397095,,0.5002,140.7781,"P1483"
1484,92139,184016,,0.5007,5.8934,"PFA(CT(D2, D2), PFA(P7, P53))"
1485,36748,66825,,0.5499,2.3487,"PFA(P5, PFA(P11, CT(P3, CT(P3, P3))))"
1486,1105582,2211168,,0.5000,70.6067,"PFA(D2, P743)"
1487,2211168,4420851,,0.5002,141.1058,"P1487"
1488,57581,116064,,0.4961,3.6717,"PFA(P3, PFA(CT(D2, CT(D2, CT(D2, D2))), P31))"
1489,2217120,4432753,,0.5002,141.2696,"P1489"
1490,230642,460410,,0.5009,14.6847,"PFA(D2, PFA(P5, P149))"
1491,120040,237069,,0.5064,7.6370,"PFA(P3, PFA(P7, P71))"
1492,559869,1120492,,0.4997,35.5920,"PFA(CT(D2, D2), P373)"
1493,2229048,4456605,,0.5002,141.5971,"P1493"
1494,134110,265932,,0.5043,8.5127,"PFA(D2, PFA(CT(P3, P3), P83))"
1495,60816,118105,,0.5149,3.8574,"PFA(P5, PFA(P13, P23))"
1496,47087,94248,,0.4996,2.9843,"PFA(CT(D2, CT(D2, D2)), PFA(P11, P17))"
1497,750992,1499994,,0.5007,47.5608,"PFA(P3, P499)"
1498,172042,343042,,0.5015,10.8873,"PFA(D2, PFA(P7, P107))"
1499,2247000,4492503,,0.5002,142.0881,"P1499"
1500,30883,57000,,0.5418,1.9514,"PFA(P3, CT(PFA(D2, P5), PFA(D2, CT(P5, P5))))"
1501,147000,291194,,0.5048,9.2814,"PFA(P19, P79)"
1502,1129502,2259008,,0.5000,71.2615,"PFA(D2, P751)"
1503,259676,515529,,0.5037,16.3708,"PFA(CT(P3, P3), P167)"
1504,80479,162432,,0.4955,5.0698,"PFA(CT(D2, CT(D2, CT(D2, CT(D2, D2)))), P47)"
1505,82224,161035,,0.5106,5.1758,"PFA(P5, PFA(P7, P43))"
1506,383522,766554,,0.5003,24.1238,"PFA(D2, PFA(P3, P251))"
1507,222888,443058,,0.5031,14.0092,"PFA(P11, P137)"
1508,66561,132704,,0.5016,4.1804,"PFA(CT(D2, D2), PFA(P13, P29))"
1509,763048,1524090,,0.5007,47.8877,"PFA(P3, P503)"
1510,236758,472630,,0.5009,14.8474,"PFA(D2, PFA(P5, P151))"
1511,2283120,4564731,,0.5002,143.0696,"P1511"
1512,29275,55944,,0.5233,1.8331,"PFA(P7, CT(PFA(D2, P3), PFA(CT(D2, D2), CT(P3, P3))))"
1513,160272,317730,,0.5044,10.0282,"PFA(P17, P89)"
1514,1147610,2295224,,0.5000,71.7520,"PFA(D2, P757)"
1515,164312,325725,,0.5045,10.2656,"PFA(P3, PFA(P5, P101))"
1516,577971,1156708,,0.4997,36.0823,"PFA(CT(D2, D2), P379)"
1517,118248,233618,,0.5062,7.3766,"PFA(P37, P41)"
1518,56974,112332,,0.5072,3.5515,"PFA(D2, PFA(P3, PFA(P11, P23)))"
1519,68988,132153,,0.5220,4.2972,"PFA(P31, CT(P7, P7))"
1520,43791,88160,,0.4967,2.7257,"PFA(P5, PFA(CT(D2, CT(D2, CT(D2, D2))), P19))"
1521,48868,91260,,0.5355,3.0394,"CT(PFA(P3, P13), PFA(P3, P13))"
1522,1159762,2319528,,0.5000,72.0787,"PFA(D2, P761)"
1523,2319528,4637535,,0.5002,144.0502,"P1523"
1524,201029,402336,,0.4997,12.4752,"PFA(P3, PFA(CT(D2, D2), P127))"
1525,108616,211975,,0.5124,6.7354,"PFA(CT(P5, P5), P61)"
1526,178310,355558,,0.5015,11.0489,"PFA(D2, PFA(P7, P109))"
1527,781312,1560594,,0.5007,48.3776,"PFA(P3, P509)"
1528,297379,595920,,0.4990,18.3995,"PFA(CT(D2, CT(D2, D2)), P191)"
1529,229200,455642,,0.5030,14.1706,"PFA(P11, P139)"
1530,43634,84150,,0.5185,2.6957,"PFA(D2, PFA(P5, PFA(CT(P3, P3), P17)))"
1531,2343960,4686391,,0.5002,144.7034,"P1531"
1532,590199,1181172,,0.4997,36.4087,"PFA(CT(D2, D2), P383)"
1533,126488,249879,,0.5062,7.7971,"PFA(P3, PFA(P7, P73))"
1534,111838,222430,,0.5028,6.8889,"PFA(D2, PFA(P13, P59))"
1535,478608,954770,,0.5013,29.4592,"PFA(P5, P307)"
1536,23299,49152,,0.4740,1.4330,"PFA(P3, CT(D2, CT(D2, CT(D2, CT(D2, CT(D2, CT(D2, CT(D2, CT(D2, D2)))))))))"
1537,125952,248994,,0.5058,7.7411,"PFA(P29, P53)"
1538,1184258,2368520,,0.5000,72.7317,"PFA(D2, P769)"
1539,48160,87723,,0.5490,2.9556,"PFA(P19, CT(P3, CT(P3, CT(P3, P3))))"
1540,38217,75460,,0.5065,2.3436,"PFA(CT(D2, D2), PFA(P5, PFA(P7, P11)))"
1541,138600,274298,,0.5053,8.4933,"PFA(P23, P67)"
1542,401942,803382,,0.5003,24.6127,"PFA(D2, PFA(P3, P257))"
1543,2380848,4760155,,0.5002,145.6825,"P1543"
1544,303581,608336,,0.4990,18.5622,"PFA(CT(D2, CT(D2, D2)), P193)"
1545,170656,338355,,0.5044,10.4270,"PFA(P3, PFA(P5, P103))"
1546,1196602,2393208,,0.5000,73.0579,"PFA(D2, P773)"
1547,56808,109837,,0.5172,3.4658,"PFA(P7, PFA(P13, P17))"
1548,78955,156348,,0.5050,4.8135,"PFA(CT(D2, D2), PFA(CT(P3, P3), P43))"
1549,2399400,4797253,,0.5002,146.1717,"P1549"
1550,65422,127100,,0.5147,3.9826,"PFA(D2, PFA(CT(P5, P5), P31))"
1551,93920,184569,,0.5089,5.7132,"PFA(P3, PFA(P11, P47))"
1552,158385,318160,,0.4978,9.6276,"PFA(CT(D2, CT(D2, CT(D2, D2))), P97)"
1553,2411808,4822065,,0.5002,146.4977,"P1553"
1554,73810,146076,,0.5053,4.4801,"PFA(D2, PFA(P3, PFA(P7, P37)))"
1555,491064,979650,,0.5013,29.7846,"PFA(P5, P311)"
1556,608781,1218348,,0.4997,36.8975,"PFA(CT(D2, D2), P389)"
1557,278348,552735,,0.5036,16.8580,"PFA(CT(P3, P3), P173)"
1558,94918,188518,,0.5035,5.7445,"PFA(D2, PFA(P19, P41))"
1559,2430480,4859403,,0.5002,146.9866,"P1559"
1560,37463,74880,,0.5003,2.2640,"PFA(P3, PFA(P5, PFA(CT(D2, CT(D2, D2)), P13)))"
1561,358800,714938,,0.5019,21.6673,"PFA(P7, P223)"
1562,129482,257730,,0.5024,7.8135,"PFA(D2, PFA(P11, P71))"
1563,818488,1634898,,0.5006,49.3553,"PFA(P3, P521)"
1564,65919,131376,,0.5018,3.9721,"PFA(CT(D2, D2), PFA(P17, P23))"
1565,497352,992210,,0.5013,29.9471,"PFA(P5, P313)"
1566,61078,117450,,0.5200,3.6750,"PFA(D2, PFA(CT(P3, CT(P3, P3)), P29))"
1567,2455488,4909411,,0.5002,147.6381,"P1567"
1568,32201,64288,,0.5009,1.9347,"CT(PFA(CT(D2, D2), P7), PFA(P7, CT(D2, CT(D2, D2))))"
1569,824768,1647450,,0.5006,49.5180,"PFA(P3, P523)"
1570,255586,510250,,0.5009,15.3340,"PFA(D2, PFA(P5, P157))"
1571,2468040,4934511,,0.5002,147.9637,"P1571"
1572,213649,427584,,0.4997,12.7994,"PFA(P3, PFA(CT(D2, D2), P131))"
1573,55948,105391,,0.5309,3.3493,"PFA(P13, CT(P11, P11))"
1574,1240310,2480624,,0.5000,74.1980,"PFA(D2, P787)"
1575,35692,64575,,0.5527,2.1336,"PFA(P7, CT(PFA(P3, P5), PFA(P3, P5)))"
1576,316177,633552,,0.4991,18.8871,"PFA(CT(D2, CT(D2, D2)), P197)"
1577,160752,318554,,0.5046,9.5957,"PFA(P19, P83)"
1578,420794,841074,,0.5003,25.1003,"PFA(D2, PFA(P3, P263))"
1579,2493240,4984903,,0.5002,148.6146,"P1579"
1580,135939,271760,,0.5002,8.0971,"PFA(CT(D2, D2), PFA(P5, P79))"
1581,79960,156519,,0.5109,4.7593,"PFA(P3, PFA(P17, P31))"
1582,191182,381262,,0.5014,11.3712,"PFA(D2, PFA(P7, P113))"
1583,2505888,5010195,,0.5002,148.9399,"P1583"
1584,34187,68112,,0.5019,2.0305,"PFA(P11, CT(PFA(P3, CT(D2, D2)), PFA(P3, CT(D2, D2))))"
1585,510048,1017570,,0.5012,30.2718,"PFA(P5, P317)"
1586,118802,236314,,0.5027,7.0459,"PFA(D2, PFA(P13, P61))"
1587,78548,150765,,0.5210,4.6552,"PFA(P3, CT(P23, P23))"
1588,634005,1268812,,0.4997,37.5480,"PFA(CT(D2, D2), P397)"
1589,371592,740474,,0.5018,21.9912,"PFA(P7, P227)"
1590,97702,193980,,0.5037,5.7780,"PFA(D2, PFA(P3, PFA(P5, P53)))"
1591,127200,251378,,0.5060,7.5171,"PFA(P37, P43)"
1592,322571,646352,,0.4991,19.0493,"PFA(CT(D2, CT(D2, D2)), P199)"
1593,108356,210276,,0.5153,6.3943,"PFA(CT(P3, CT(P3, P3)), P59)"
1594,1272010,2544024,,0.5000,75.0109,"PFA(D2, P797)"
1595,71256,138765,,0.5135,4.1990,"PFA(P5, PFA(P11, P29))"
1596,49031,97356,,0.5036,2.8873,"PFA(P3, PFA(CT(D2, D2), PFA(P7, P19)))"
1597,2550408,5099221,,0.5002,150.0777,"P1597"
1598,103742,206142,,0.5033,6.1003,"PFA(D2, PFA(P17, P47))"
1599,90448,177489,,0.5096,5.3148,"PFA(P3, PFA(P13, P41))"
1600,28481,57600,,0.4945,1.6724,"CT(PFA(P5, CT(D2, CT(D2, D2))), PFA(P5, CT(D2, CT(D2, D2))))"
1601,2563200,5124801,,0.5002,150.4026,"P1601"
1602,153418,304380,,0.5040,8.9958,"PFA(D2, PFA(CT(P3, P3), P89))"
1603,378072,753410,,0.5018,22.1530,"PFA(P7, P229)"
1604,646809,1294428,,0.4997,37.8727,"PFA(CT(D2, D2), P401)"
1605,183704,364335,,0.5042,10.7488,"PFA(P3, PFA(P5, P107))"
1606,136342,271414,,0.5023,7.9720,"PFA(D2, PFA(P11, P73))"
1607,2582448,5163291,,0.5002,150.8898,"P1607"
1608,117829,236376,,0.4985,6.8798,"PFA(P3, PFA(CT(D2, CT(D2, D2)), P67))"
1609,2588880,5176153,,0.5002,151.0521,"P1609"
1610,57338,112700,,0.5088,3.3431,"PFA(D2, PFA(P5, PFA(P7, P23)))"
1611,297668,591237,,0.5035,17.3434,"PFA(CT(P3, P3), P179)"
1612,74379,148304,,0.5015,4.3306,"PFA(CT(D2, D2), PFA(P13, P31))"
1613,2601768,5201925,,0.5002,151.3767,"P1613"
1614,440078,879630,,0.5003,25.5867,"PFA(D2, PFA(P3, P269))"
1615,65712,127585,,0.5150,3.8179,"PFA(P5, PFA(P17, P19))"
1616,171381,344208,,0.4979,9.9503,"PFA(CT(D2, CT(D2, CT(D2, D2))), P101)"
1617,45316,84084,,0.5389,2.6292,"PFA(P3, PFA(P11, CT(P7, P7)))"
1618,1310578,2621160,,0.5000,75.9849,"PFA(D2, P809)"
1619,2621160,5240703,,0.5002,151.8635,"P1619"
1620,31181,56700,,0.5499,1.8053,"PFA(P5, CT(PFA(D2, CT(P3, P3)), PFA(D2, CT(P3, P3))))"
1621,2627640,5253661,,0.5002,152.0257,"P1621"
1622,1317062,2634128,,0.5000,76.1471,"PFA(D2, P811)"
1623,882368,1762578,,0.5006,50.9792,"PFA(P3, P541)"
1624,64063,128296,,0.4993,3.6987,"PFA(P7, PFA(CT(D2, CT(D2, D2)), P29))"
1625,46688,84500,,0.5525,2.6937,"PFA(P13, CT(P5, CT(P5, P5)))"
1626,446602,892674,,0.5003,25.7486,"PFA(D2, PFA(P3, P271))"
1627,2647128,5292631,,0.5002,152.5121,"P1627"
1628,81615,162800,,0.5013,4.6989,"PFA(CT(D2, D2), PFA(P11, P37))"
1629,304252,604359,,0.5034,17.5048,"PFA(CT(P3, P3), P181)"
1630,275134,549310,,0.5009,15.8185,"PFA(D2, PFA(P5, P163))"
1631,391200,779618,,0.5018,22.4759,"PFA(P7, P233)"
1632,42659,86496,,0.4932,2.4492,"PFA(P3, PFA(P17, CT(D2, CT(D2, CT(D2, CT(D2, D2))))))"
1633,153408,303738,,0.5051,8.8016,"PFA(P23, P71)"
1634,102818,204250,,0.5034,5.8950,"PFA(D2, PFA(P19, P43))"
1635,190408,377685,,0.5041,10.9093,"PFA(P3, PFA(P5, P109))"
1636,672801,1346428,,0.4997,38.5209,"PFA(CT(D2, D2), P409)"
1637,2679768,5357901,,0.5002,153.3225,"P1637"
1638,43502,83538,,0.5207,2.4872,"PFA(D2, PFA(P7, PFA(CT(P3, P3), P13)))"
1639,262080,521202,,0.5028,14.9741,"PFA(P11, P149)"
1640,81017,162360,,0.4990,4.6258,"PFA(P5, PFA(CT(D2, CT(D2, D2)), P41))"
1641,902000,1801818,,0.5006,51.4650,"PFA(P3, P547)"
1642,1349722,2699448,,0.5000,76.9573,"PFA(D2, P821)"
1643,137928,272738,,0.5057,7.8588,"PFA(P31, P53)"
1644,233299,466896,,0.4997,13.2837,"PFA(P3, PFA(CT(D2, D2), P137))"
1645,96456,189175,,0.5099,5.4883,"PFA(P5, PFA(P7, P47))"
1646,1356302,2712608,,0.5000,77.1192,"PFA(D2, P823)"
1647,115324,223992,,0.5149,6.5528,"PFA(CT(P3, CT(P3, P3)), P61)"
1648,178071,357616,,0.4979,10.1111,"PFA(CT(D2, CT(D2, CT(D2, D2))), P103)"
1649,187872,372674,,0.5041,10.6603,"PFA(P17, P97)"
1650,40946,77550,,0.5280,2.3218,"PFA(D2, PFA(P3, PFA(P11, CT(P5, P5))))"
1651,231000,458978,,0.5033,13.0895,"PFA(P13, P127)"
1652,112485,224672,,0.5007,6.3695,"PFA(CT(D2, D2), PFA(P7, P59))"
1653,83608,163647,,0.5109,4.7311,"PFA(P3, PFA(P19, P29))"
1654,1369510,2739024,,0.5000,77.4428,"PFA(D2, P827)"
1655,555744,1108850,,0.5012,31.4046,"PFA(P5, P331)"
1656,53495,105984,,0.5047,3.0209,"PFA(P23, CT(PFA(D2, P3), PFA(P3, CT(D2, D2))))"
1657,2745648,5489641,,0.5002,154.9415,"P1657"
1658,1376138,2752280,,0.5000,77.6046,"PFA(D2, P829)"
1659,146840,290325,,0.5058,8.2751,"PFA(P3, PFA(P7, P79))"
1660,149463,298800,,0.5002,8.4171,"PFA(CT(D2, D2), PFA(P5, P83))"
1661,268920,534842,,0.5028,15.1341,"PFA(P11, P151)"
1662,466462,932382,,0.5003,26.2334,"PFA(D2, PFA(P3, P277))"
1663,2765568,5529475,,0.5002,155.4267,"P1663"
1664,37325,76544,,0.4876,2.0963,"PFA(P13, CT(D2, CT(D2, CT(D2, CT(D2, CT(D2, CT(D2, D2)))))))"
1665,79172,153180,,0.5169,4.4435,"PFA(P5, PFA(CT(P3, P3), P37))"
1666,53962,103292,,0.5224,3.0265,"PFA(D2, PFA(P17, CT(P7, P7)))"
1667,2778888,5556111,,0.5001,155.7501,"P1667"
1668,240041,480384,,0.4997,13.4446,"PFA(P3, PFA(CT(D2, D2), P139))"
1669,2785560,5569453,,0.5001,155.9118,"P1669"
1670,288566,576150,,0.5009,16.1405,"PFA(D2, PFA(P5, P167))"
1671,935200,1868178,,0.5006,52.2734,"PFA(P3, P557)"
1672,55981,112024,,0.4997,3.1270,"PFA(CT(D2, CT(D2, D2)), PFA(P11, P19))"
1673,411312,819770,,0.5017,22.9593,"PFA(P7, P239)"
1674,68642,132246,,0.5190,3.8290,"PFA(D2, PFA(CT(P3, CT(P3, P3)), P31))"
1675,129352,252925,,0.5114,7.2106,"PFA(CT(P5, P5), P67)"
1676,706011,1412868,,0.4997,39.3292,"PFA(CT(D2, D2), P419)"
1677,98216,192855,,0.5093,5.4675,"PFA(P3, PFA(P13, P43))"
1678,1409518,2819040,,0.5000,78.4128,"PFA(D2, P839)"
1679,161088,319010,,0.5050,8.9554,"PFA(P23, P73)"
1680,32569,65520,,0.4971,1.8094,"PFA(P3, PFA(P5, PFA(P7, CT(D2, CT(D2, CT(D2, D2))))))"
1681,139360,272322,,0.5117,7.7370,"CT(P41, P41)"
1682,100690,196794,,0.5117,5.5864,"PFA(D2, CT(P29, P29))"
1683,56596,107712,,0.5254,3.1379,"PFA(CT(P3, P3), PFA(P11, P17))"
1684,712749,1426348,,0.4997,39.4906,"PFA(CT(D2, D2), P421)"
1685,575928,1149170,,0.5012,31.8884,"PFA(P5, P337)"
1686,479942,959334,,0.5003,26.5559,"PFA(D2, PFA(P3, P281))"
1687,418128,833378,,0.5017,23.1201,"PFA(P7, P241)"
1688,362279,725840,,0.4991,20.0185,"PFA(CT(D2, CT(D2, D2)), P211)"
1689,955408,1908570,,0.5006,52.7576,"PFA(P3, P563)"
1690,54922,104780,,0.5242,3.0308,"PFA(D2, PFA(P5, CT(P13, P13)))"
1691,182520,361874,,0.5044,10.0652,"PFA(P19, P89)"
1692,93071,184428,,0.5046,5.1290,"PFA(CT(D2, D2), PFA(CT(P3, P3), P47))"
1693,2866248,5730805,,0.5001,157.8500,"P1693"
1694,51670,98252,,0.5259,2.8437,"PFA(D2, PFA(P7, CT(P11, P11)))"
1695,204176,405105,,0.5040,11.2293,"PFA(P3, PFA(P5, P113))"
1696,100933,203520,,0.4959,5.5474,"PFA(CT(D2, CT(D2, CT(D2, CT(D2, D2)))), P53)"
1697,2879808,5757921,,0.5001,158.1728,"P1697"
1698,486754,972954,,0.5003,26.7170,"PFA(D2, PFA(P3, P283))"
1699,2886600,5771503,,0.5001,158.3341,"P1699"
1700,49897,96900,,0.5149,2.7351,"PFA(P17, CT(PFA(D2, P5), PFA(D2, P5)))"
1701,38320,64638,,0.5928,2.0991,"PFA(P7, CT(P3, CT(P3, CT(P3, CT(P3, P3)))))"
1702,103702,205942,,0.5035,5.6768,"PFA(D2, PFA(P23, P37))"
1703,245088,487058,,0.5032,13.4076,"PFA(P13, P131)"
1704,131681,264120,,0.4986,7.1989,"PFA(P3, PFA(CT(D2, CT(D2, D2)), P71))"
1705,79584,155155,,0.5129,4.3479,"PFA(P5, PFA(P11, P31))"
1706,1456922,2913848,,0.5000,79.5424,"PFA(D2, P853)"
1707,975832,1949394,,0.5006,53.2413,"PFA(P3, P569)"
1708,119715,239120,,0.5006,6.5273,"PFA(CT(D2, D2), PFA(P7, P61))"
1709,2920680,5839653,,0.5001,159.1405,"P1709"
1710,52198,100890,,0.5174,2.8423,"PFA(D2, PFA(P5, PFA(CT(P3, P3), P19)))"
1711,150480,297714,,0.5055,8.1884,"PFA(P29, P59)"
1712,191835,385200,,0.4980,10.4318,"PFA(CT(D2, CT(D2, CT(D2, D2))), P107)"
1713,982688,1963098,,0.5006,53.4024,"PFA(P3, P571)"
1714,1470610,2941224,,0.5000,79.8647,"PFA(D2, P857)"
1715,46212,82320,,0.5614,2.5080,"PFA(P5, CT(P7, CT(P7, P7)))"
1716,49333,97812,,0.5044,2.6756,"PFA(P3, PFA(CT(D2, D2), PFA(P11, P13)))"
1717,202488,401778,,0.5040,10.9748,"PFA(P17, P101)"
1718,1477478,2954960,,0.5000,80.0258,"PFA(D2, P859)"
1719,338252,672129,,0.5033,18.3089,"PFA(CT(P3, P3), P191)"
1720,88411,177160,,0.4990,4.7824,"PFA(P5, PFA(CT(D2, CT(D2, D2)), P43))"
1721,2961840,5921961,,0.5001,160.1074,"P1721"
1722,88682,175644,,0.5049,4.7907,"PFA(D2, PFA(P3, PFA(P7, P41)))"
1723,2968728,5935735,,0.5001,160.2685,"P1723"
1724,746919,1494708,,0.4997,40.2963,"PFA(CT(D2, D2), P431)"
1725,61864,117300,,0.5274,3.3354,"PFA(P3, PFA(P23, CT(P5, P5)))"
1726,1491262,2982528,,0.5000,80.3479,"PFA(D2, P863)"
1727,289968,576818,,0.5027,15.6130,"PFA(P11, P157)"
1728,28513,57024,,0.5000,1.5342,"CT(PFA(P3, CT(D2, D2)), CT(PFA(P3, CT(D2, D2)), PFA(P3, CT(D2, D2))))"
1729,66960,129675,,0.5164,3.6006,"PFA(P7, PFA(P13, P19))"
1730,309314,617610,,0.5008,16.6219,"PFA(D2, PFA(P5, P173))"
1731,1003400,2004498,,0.5006,53.8853,"PFA(P3, P577)"
1732,753849,1508572,,0.4997,40.4572,"PFA(CT(D2, D2), P433)"
1733,3003288,6004845,,0.5001,161.0736,"P1733"
1734,66646,128316,,0.5194,3.5720,"PFA(D2, PFA(P3, CT(P17, P17)))"
1735,610368,1217970,,0.5011,32.6927,"PFA(P5, P347)"
1736,71957,144088,,0.4994,3.8517,"PFA(P7, PFA(CT(D2, CT(D2, D2)), P31))"
1737,345268,686115,,0.5032,18.4692,"PFA(CT(P3, P3), P193)"
1738,157978,314578,,0.5022,8.4451,"PFA(D2, PFA(P11, P79))"
1739,145992,288674,,0.5057,7.7993,"PFA(P37, P47)"
1740,67307,133980,,0.5024,3.5934,"PFA(P3, PFA(CT(D2, D2), PFA(P5, P29)))"
1741,3031080,6060421,,0.5001,161.7172,"P1741"
1742,140942,280462,,0.5025,7.5148,"PFA(D2, PFA(P13, P67))"
1743,161248,318969,,0.5055,8.5919,"PFA(P3, PFA(P7, P83))"
1744,198909,399376,,0.4980,10.5917,"PFA(CT(D2, CT(D2, CT(D2, D2))), P109)"
1745,617376,1231970,,0.5011,32.8533,"PFA(P5, P349)"
1746,181178,359676,,0.5037,9.6350,"PFA(D2, PFA(CT(P3, P3), P97))"
1747,3052008,6102271,,0.5001,162.1998,"P1747"
1748,77181,153824,,0.5017,4.0991,"PFA(CT(D2, D2), PFA(P19, P23))"
1749,116408,229119,,0.5081,6.1785,"PFA(P3, PFA(P11, P53))"
1750,41414,75250,,0.5504,2.1967,"PFA(D2, PFA(P7, CT(P5, CT(P5, P5))))"
1751,210000,416738,,0.5039,11.1316,"PFA(P17, P103)"
1752,138895,278568,,0.4986,7.3577,"PFA(P3, PFA(CT(D2, CT(D2, D2)), P73))"
1753,3073008,6144265,,0.5001,162.6821,"P1753"
1754,1540010,3080024,,0.5000,81.4740,"PFA(D2, P877)"
1755,46964,85995,,0.5461,2.4830,"PFA(P5, PFA(P13, CT(P3, CT(P3, P3))))"
1756,774831,1550548,,0.4997,40.9394,"PFA(CT(D2, D2), P439)"
1757,453048,903098,,0.5017,23.9220,"PFA(P7, P251)"
1758,521534,1042494,,0.5003,27.5205,"PFA(D2, PFA(P3, P293))"
1759,3094080,6186403,,0.5001,163.1643,"P1759"
1760,39143,79200,,0.4942,2.0629,"PFA(P5, PFA(P11, CT(D2, CT(D2, CT(D2, CT(D2, D2))))))"
1761,1038400,2074458,,0.5006,54.6888,"PFA(P3, P587)"
1762,1554082,3108168,,0.5000,81.7953,"PFA(D2, P881)"
1763,148008,292658,,0.5057,7.7850,"PFA(P41, P43)"
1764,38809,74088,,0.5238,2.0400,"CT(PFA(D2, PFA(P3, P7)), PFA(D2, PFA(P3, P7)))"
1765,631512,1260210,,0.5011,33.1741,"PFA(P5, P353)"
1766,1561142,3122288,,0.5000,81.9559,"PFA(D2, P883)"
1767,92912,182001,,0.5105,4.8745,"PFA(P3, PFA(P19, P31))"
1768,59209,118456,,0.4998,3.1043,"PFA(CT(D2, CT(D2, D2)), PFA(P13, P17))"
1769,159120,314882,,0.5053,8.3373,"PFA(P29, P61)"
1770,119386,237180,,0.5034,6.2514,"PFA(D2, PFA(P3, PFA(P5, P59)))"
1771,72120,139909,,0.5155,3.7740,"PFA(P7, PFA(P11, P23))"
1772,788979,1578852,,0.4997,41.2604,"PFA(CT(D2, D2), P443)"
1773,359516,714519,,0.5032,18.7892,"PFA(CT(P3, P3), P197)"
1774,1575310,3150624,,0.5000,82.2770,"PFA(D2, P887)"
1775,144176,282225,,0.5109,7.5254,"PFA(CT(P5, P5), P71)"
1776,79391,159840,,0.4967,4.1412,"PFA(P3, PFA(CT(D2, CT(D2, CT(D2, D2))), P37))"
1777,3157728,6313681,,0.5001,164.6097,"P1777"
1778,239762,478282,,0.5013,12.4906,"PFA(D2, PFA(P7, P127))"
1779,1059688,2117010,,0.5006,55.1703,"PFA(P3, P593)"
1780,170949,341760,,0.5002,8.8944,"PFA(CT(D2, D2), PFA(P5, P89))"
1781,267000,530738,,0.5031,13.8831,"PFA(P13, P137)"
1782,43222,78408,,0.5512,2.2460,"PFA(D2, PFA(P11, CT(P3, CT(P3, CT(P3, P3)))))"
1783,3179088,6356395,,0.5001,165.0911,"P1783"
1784,404291,809936,,0.4992,20.9816,"PFA(CT(D2, CT(D2, D2)), P223)"
1785,55808,107100,,0.5211,2.8944,"PFA(P3, PFA(P5, PFA(P7, P17)))"
1786,119530,237538,,0.5032,6.1954,"PFA(D2, PFA(P19, P47))"
1787,3193368,6384951,,0.5001,165.4120,"P1787"
1788,275191,550704,,0.4997,14.2455,"PFA(P3, PFA(CT(D2, D2), P149))"
1789,3200520,6399253,,0.5001,165.5724,"P1789"
1790,330782,660510,,0.5008,17.1015,"PFA(D2, PFA(P5, P179))"
1791,366748,728937,,0.5031,18.9489,"PFA(CT(P3, P3), P199)"
1792,32007,66304,,0.4827,1.6527,"PFA(P7, CT(D2, CT(D2, CT(D2, CT(D2, CT(D2, CT(D2, CT(D2, D2))))))))"
1793,311808,620378,,0.5026,16.0900,"PFA(P11, P163)"
1794,70946,139932,,0.5070,3.6587,"PFA(D2, PFA(P3, PFA(P13, P23)))"
1795,653016,1303170,,0.5011,33.6545,"PFA(P5, P359)"
1796,810441,1621788,,0.4997,41.7413,"PFA(CT(D2, D2), P449)"
1797,1081192,2159994,,0.5006,55.6511,"PFA(P3, P599)"
1798,109558,217558,,0.5036,5.6356,"PFA(D2, PFA(P29, P31))"
1799,474672,946274,,0.5016,24.4015,"PFA(P7, P257)"
1800,34441,66600,,0.5171,1.7694,"CT(PFA(D2, PFA(P3, P5)), PFA(P3, PFA(CT(D2, D2), P5)))"
1801,3243600,6485401,,0.5001,166.5343,"P1801"
1802,127802,254082,,0.5030,6.5575,"PFA(D2, PFA(P17, P53))"
1803,1088408,2174418,,0.5006,55.8113,"PFA(P3, P601)"
1804,97659,194832,,0.5012,5.0046,"PFA(CT(D2, D2), PFA(P11, P41))"
1805,78684,149815,,0.5252,4.0297,"PFA(P5, CT(P19, P19))"
1806,96622,191436,,0.5047,4.9452,"PFA(D2, PFA(P3, PFA(P7, P43)))"
1807,274512,545714,,0.5030,14.0411,"PFA(P13, P139)"
1808,213441,428496,,0.4981,10.9105,"PFA(CT(D2, CT(D2, CT(D2, D2))), P113)"
1809,137524,267732,,0.5137,7.0254,"PFA(CT(P3, CT(P3, P3)), P67)"
1810,338098,675130,,0.5008,17.2610,"PFA(D2, PFA(P5, P181))"
1811,3279720,6557631,,0.5001,167.3354,"P1811"
1812,282509,565344,,0.4997,14.4049,"PFA(P3, PFA(CT(D2, D2), P151))"
1813,93228,179487,,0.5194,4.7507,"PFA(P37, CT(P7, P7))"
1814,1647110,3294224,,0.5000,83.8801,"PFA(D2, P907)"
1815,54652,101640,,0.5377,2.7815,"PFA(P3, PFA(P5, CT(P11, P11)))"
1816,418807,838992,,0.4992,21.3014,"PFA(CT(D2, CT(D2, D2)), P227)"
1817,185232,367034,,0.5047,9.4154,"PFA(P23, P79)"
1818,195922,389052,,0.5036,9.9526,"PFA(D2, PFA(CT(P3, P3), P101))"
1819,225432,447474,,0.5038,11.4445,"PFA(P17, P107)"
1820,48831,96460,,0.5062,2.4775,"PFA(CT(D2, D2), PFA(P5, PFA(P7, P13)))"
1821,1110200,2217978,,0.5005,56.2914,"PFA(P3, P607)"
1822,1661662,3323328,,0.5000,84.2003,"PFA(D2, P911)"
1823,3323328,6644835,,0.5001,168.2961,"P1823"
1824,51337,103968,,0.4938,2.5981,"PFA(P3, PFA(P19, CT(D2, CT(D2, CT(D2, CT(D2, D2))))))"
1825,151888,297475,,0.5106,7.6822,"PFA(CT(P5, P5), P73)"
1826,173282,345114,,0.5021,8.7588,"PFA(D2, PFA(P11, P83))"
1827,76004,146160,,0.5200,3.8394,"PFA(P7, PFA(CT(P3, P3), P29))"
1828,839505,1679932,,0.4997,42.3815,"PFA(CT(D2, D2), P457)"
1829,164520,325562,,0.5053,8.3005,"PFA(P31, P59)"
1830,127094,252540,,0.5033,6.4083,"PFA(D2, PFA(P3, PFA(P5, P61)))"
1831,3352560,6703291,,0.5001,168.9361,"P1831"
1832,426161,853712,,0.4992,21.4610,"PFA(CT(D2, CT(D2, D2)), P229)"
1833,114688,225459,,0.5087,5.7720,"PFA(P3, PFA(P13, P47))"
1834,254650,508018,,0.5013,12.8081,"PFA(D2, PFA(P7, P131))"
1835,682248,1361570,,0.5011,34.2937,"PFA(P5, P367)"
1836,51725,99144,,0.5217,2.5984,"PFA(P17, CT(PFA(D2, P3), PFA(D2, CT(P3, P3))))"
1837,326808,650298,,0.5026,16.4070,"PFA(P11, P167)"
1838,1690958,3381920,,0.5000,84.8401,"PFA(D2, P919)"
1839,1132208,2261970,,0.5005,56.7710,"PFA(P3, P613)"
1840,60387,121440,,0.4973,3.0261,"PFA(P5, PFA(CT(D2, CT(D2, CT(D2, D2))), P23))"
1841,496800,990458,,0.5016,24.8798,"PFA(P7, P263)"
1842,572242,1143882,,0.5003,28.6403,"PFA(D2, PFA(P3, P307))"
1843,213672,423890,,0.5041,10.6876,"PFA(P19, P97)"
1844,854229,1709388,,0.4997,42.7011,"PFA(CT(D2, D2), P461)"
1845,95116,184500,,0.5155,4.7517,"PFA(P5, PFA(CT(P3, P3), P41))"
1846,156742,311974,,0.5024,7.8256,"PFA(D2, PFA(P13, P71))"
1847,3411408,6820971,,0.5001,170.2152,"P1847"
1848,44459,88704,,0.5012,2.2170,"PFA(P3, PFA(P7, PFA(CT(D2, CT(D2, D2)), P11)))"
1849,160692,314330,,0.5112,8.0080,"CT(P43, P43)"
1850,89194,173900,,0.5129,4.4422,"PFA(D2, PFA(CT(P5, P5), P37))"
1851,1147000,2291538,,0.5005,57.0905,"PFA(P3, P617)"
1852,861639,1724212,,0.4997,42.8608,"PFA(CT(D2, D2), P463)"
1853,233352,463250,,0.5037,11.6006,"PFA(P17, P109)"
1854,203510,404172,,0.5035,10.1109,"PFA(D2, PFA(CT(P3, P3), P103))"
1855,119904,235585,,0.5090,5.9535,"PFA(P5, PFA(P7, P53))"
1856,68637,139200,,0.4931,3.4059,"PFA(P29, CT(D2, CT(D2, CT(D2, CT(D2, CT(D2, D2))))))"
1857,1154432,2306394,,0.5005,57.2501,"PFA(P3, P619)"
1858,1727938,3455880,,0.5000,85.6389,"PFA(D2, P929)"
1859,69912,131989,,0.5297,3.4628,"PFA(P11, CT(P13, P13))"
1860,75673,150660,,0.5023,3.7459,"PFA(P3, PFA(CT(D2, D2), PFA(P5, P31)))"
1861,3463320,6924781,,0.5001,171.3334,"P1861"
1862,64046,122892,,0.5212,3.1665,"PFA(D2, PFA(P19, CT(P7, P7)))"
1863,65768,121095,,0.5431,3.2496,"PFA(P23, CT(P3, CT(P3, CT(P3, P3))))"
1864,441061,883536,,0.4992,21.7799,"PFA(CT(D2, CT(D2, D2)), P233)"
1865,704592,1406210,,0.5011,34.7721,"PFA(P5, P373)"
1866,587162,1173714,,0.5003,28.9592,"PFA(D2, PFA(P3, P311))"
1867,3485688,6969511,,0.5001,171.8123,"P1867"
1868,876555,1754052,,0.4997,43.1799,"PFA(CT(D2, D2), P467)"
1869,184120,364455,,0.5052,9.0644,"PFA(P3, PFA(P7, P89))"
1870,62926,123420,,0.5099,3.0960,"PFA(D2, PFA(P5, PFA(P11, P17)))"
1871,3500640,6999411,,0.5001,172.1315,"P1871"
1872,44173,87984,,0.5021,2.1707,"PFA(P13, CT(PFA(P3, CT(D2, D2)), PFA(P3, CT(D2, D2))))"
1873,3508128,7014385,,0.5001,172.2911,"P1873"
1874,1757810,3515624,,0.5000,86.2773,"PFA(D2, P937)"
1875,45128,76875,,0.5870,2.2136,"PFA(P3, CT(P5, CT(P5, CT(P5, P5))))"
1876,142749,285152,,0.5006,6.9980,"PFA(CT(D2, D2), PFA(P7, P67))"
1877,3523128,7044381,,0.5001,172.6101,"P1877"
1878,594694,1188774,,0.5003,29.1185,"PFA(D2, PFA(P3, P313))"
1879,3530640,7059403,,0.5001,172.7697,"P1879"
1880,104159,208680,,0.4991,5.0939,"PFA(P5, PFA(CT(D2, CT(D2, D2)), P47))"
1881,67028,127908,,0.5240,3.2760,"PFA(CT(P3, P3), PFA(P11, P19))"
1882,1772842,3545688,,0.5000,86.5963,"PFA(D2, P941)"
1883,519432,1035650,,0.5016,25.3569,"PFA(P7, P269)"
1884,305039,610416,,0.4997,14.8820,"PFA(P3, PFA(CT(D2, D2), P157))"
1885,88008,171535,,0.5131,4.2911,"PFA(P5, PFA(P13, P29))"
1886,122462,243294,,0.5033,5.9674,"PFA(D2, PFA(P23, P41))"
1887,106768,209457,,0.5097,5.1995,"PFA(P3, PFA(P17, P37))"
1888,123691,249216,,0.4963,6.0201,"PFA(CT(D2, CT(D2, CT(D2, CT(D2, D2)))), P59)"
1889,3568320,7134753,,0.5001,173.5669,"P1889"
1890,41002,75600,,0.5424,1.9932,"PFA(D2, PFA(P5, PFA(P7, CT(P3, CT(P3, P3)))))"
1891,173880,344162,,0.5052,8.4476,"PFA(P31, P61)"
1892,106209,211904,,0.5012,5.1568,"PFA(CT(D2, D2), PFA(P11, P43))"
1893,1199528,2396538,,0.5005,58.2067,"PFA(P3, P631)"
1894,1795510,3591024,,0.5000,87.0745,"PFA(D2, P947)"
1895,727296,1451570,,0.5010,35.2496,"PFA(P5, P379)"
1896,161689,324216,,0.4987,7.8319,"PFA(P3, PFA(CT(D2, CT(D2, D2)), P79))"
1897,527088,1050938,,0.5015,25.5157,"PFA(P7, P271)"
1898,164954,328354,,0.5024,7.9805,"PFA(D2, PFA(P13, P73))"
1899,411652,818469,,0.5030,19.9038,"PFA(CT(P3, P3), P211)"
1900,59579,115900,,0.5141,2.8790,"PFA(P19, CT(PFA(D2, P5), PFA(D2, P5)))"
1901,3613800,7225701,,0.5001,174.5230,"P1901"
1902,609902,1219182,,0.5003,29.4368,"PFA(D2, PFA(P3, P317))"
1903,349968,696498,,0.5025,16.8811,"PFA(P11, P173)"
1904,54951,110432,,0.4976,2.6490,"PFA(P7, PFA(CT(D2, CT(D2, CT(D2, D2))), P17))"
1905,256144,508635,,0.5036,12.3407,"PFA(P3, PFA(P5, P127))"
1906,1818322,3636648,,0.5000,87.5523,"PFA(D2, P953)"
1907,3636648,7271391,,0.5001,175.0008,"P1907"
1908,116405,230868,,0.5042,5.5983,"PFA(CT(D2, D2), PFA(CT(P3, P3), P53))"
1909,202248,400890,,0.5045,9.7209,"PFA(P23, P83)"
1910,375878,750630,,0.5008,18.0556,"PFA(D2, PFA(P5, P191))"
1911,57404,107016,,0.5364,2.7558,"PFA(P3, PFA(P13, CT(P7, P7)))"
1912,463891,929232,,0.4992,22.2570,"PFA(CT(D2, CT(D2, D2)), P239)"
1913,3659568,7317225,,0.5001,175.4784,"P1913"
1914,83338,164604,,0.5063,3.9937,"PFA(D2, PFA(P3, PFA(P11, P29)))"
1915,742632,1482210,,0.5010,35.5675,"PFA(P5, P383)"
1916,922071,1845108,,0.4997,44.1355,"PFA(CT(D2, D2), P479)"
1917,153404,299052,,0.5130,7.3384,"PFA(CT(P3, CT(P3, P3)), P71)"
1918,277822,554302,,0.5012,13.2824,"PFA(D2, PFA(P7, P137))"
1919,230160,456722,,0.5039,10.9972,"PFA(P19, P101)"
1920,32591,67200,,0.4850,1.5563,"PFA(P3, PFA(P5, CT(D2, CT(D2, CT(D2, CT(D2, CT(D2, CT(D2, D2))))))))"
1921,249600,495618,,0.5036,11.9120,"PFA(P17, P113)"
1922,122762,240250,,0.5110,5.8553,"PFA(D2, CT(P31, P31))"
1923,1237768,2472978,,0.5005,59.0024,"PFA(P3, P641)"
1924,100329,200096,,0.5014,4.7797,"PFA(CT(D2, D2), PFA(P13, P37))"
1925,53912,100100,,0.5386,2.5669,"PFA(P7, PFA(P11, CT(P5, P5)))"
1926,219118,435276,,0.5034,10.4266,"PFA(D2, PFA(CT(P3, P3), P107))"
1927,169488,335298,,0.5055,8.0602,"PFA(P41, P47)"
1928,471629,944720,,0.4992,22.4158,"PFA(CT(D2, CT(D2, D2)), P241)"
1929,1245488,2488410,,0.5005,59.1613,"PFA(P3, P643)"
1930,383674,766210,,0.5007,18.2140,"PFA(D2, PFA(P5, P193))"
1931,3728760,7455591,,0.5001,176.9103,"P1931"
1932,67099,133308,,0.5033,3.1816,"PFA(P3, PFA(CT(D2, D2), PFA(P7, P23)))"
1933,3736488,7471045,,0.5001,177.0693,"P1933"
1934,1872110,3744224,,0.5000,88.6659,"PFA(D2, P967)"
1935,103628,201240,,0.5149,4.9051,"PFA(P5, PFA(CT(P3, P3), P43))"
1936,52801,104544,,0.5051,2.4978,"CT(PFA(CT(D2, D2), P11), PFA(CT(D2, D2), P11))"
1937,313632,623714,,0.5028,14.8280,"PFA(P13, P149)"
1938,76658,151164,,0.5071,3.6222,"PFA(D2, PFA(P3, PFA(P17, P19)))"
1939,550392,1097474,,0.5015,25.9913,"PFA(P7, P277)"
1940,201837,403520,,0.5002,9.5258,"PFA(CT(D2, D2), PFA(P5, P97))"
1941,1261000,2519418,,0.5005,59.4791,"PFA(P3, P647)"
1942,1887622,3775248,,0.5000,88.9838,"PFA(D2, P971)"
1943,186432,369170,,0.5050,8.7834,"PFA(P29, P67)"
1944,36829,66096,,0.5572,1.7341,"CT(PFA(D2, P3), CT(PFA(D2, CT(P3, P3)), PFA(D2, CT(P3, P3))))"
1945,765936,1528770,,0.5010,36.0437,"PFA(P5, P389)"
1946,285770,570178,,0.5012,13.4400,"PFA(D2, PFA(P7, P139))"
1947,141272,278421,,0.5074,6.6403,"PFA(P3, PFA(P11, P59))"
1948,953055,1907092,,0.4997,44.7710,"PFA(CT(D2, D2), P487)"
1949,3798600,7595253,,0.5001,178.3407,"P1949"
1950,52318,99450,,0.5261,2.4549,"PFA(D2, PFA(P3, PFA(P13, CT(P5, P5))))"
1951,3806400,7610851,,0.5001,178.4995,"P1951"
1952,131789,265472,,0.4964,6.1766,"PFA(CT(D2, CT(D2, CT(D2, CT(D2, D2)))), P61)"
1953,85156,164052,,0.5191,3.9887,"PFA(P7, PFA(CT(P3, P3), P31))"
1954,1911010,3822024,,0.5000,89.4603,"PFA(D2, P977)"
1955,87384,170085,,0.5138,4.0883,"PFA(P5, PFA(P17, P23))"
1956,328433,657216,,0.4997,15.3572,"PFA(P3, PFA(CT(D2, D2), P163))"
1957,238632,473594,,0.5039,11.1517,"PFA(P19, P103)"
1958,197558,393558,,0.5020,9.2269,"PFA(D2, PFA(P11, P89))"
1959,1284448,2566290,,0.5005,59.9553,"PFA(P3, P653)"
1960,44413,86240,,0.5150,2.0719,"PFA(P5, CT(PFA(D2, P7), PFA(CT(D2, D2), P7)))"
1961,176400,349058,,0.5054,8.2245,"PFA(P37, P53)"
1962,227138,451260,,0.5033,10.5840,"PFA(D2, PFA(CT(P3, P3), P109))"
1963,321768,639938,,0.5028,14.9848,"PFA(P13, P151)"
1964,968739,1938468,,0.4997,45.0884,"PFA(CT(D2, D2), P491)"
1965,272072,540375,,0.5035,12.6559,"PFA(P3, PFA(P5, P131))"
1966,1934542,3869088,,0.5000,89.9365,"PFA(D2, P983)"
1967,566208,1129058,,0.5015,26.3077,"PFA(P7, P281)"
1968,95851,192864,,0.4970,4.4510,"PFA(P3, PFA(CT(D2, CT(D2, CT(D2, D2))), P41))"
1969,373920,744282,,0.5024,17.3535,"PFA(P11, P179)"
1970,399506,797850,,0.5007,18.5303,"PFA(D2, PFA(P5, P197))"
1971,161668,315360,,0.5126,7.4943,"PFA(CT(P3, CT(P3, P3)), P73)"
1972,94965,189312,,0.5016,4.3997,"PFA(CT(D2, D2), PFA(P17, P29))"
1973,3892728,7783485,,0.5001,180.2456,"P1973"
1974,113510,225036,,0.5044,5.2529,"PFA(D2, PFA(P3, PFA(P7, P47)))"
1975,176224,345625,,0.5099,8.1504,"PFA(CT(P5, P5), P79)"
1976,70139,140296,,0.4999,3.2421,"PFA(CT(D2, CT(D2, D2)), PFA(P13, P19))"
1977,1308112,2613594,,0.5005,60.4310,"PFA(P3, P659)"
1978,132394,263074,,0.5033,6.1127,"PFA(D2, PFA(P23, P43))"
1979,3916440,7830903,,0.5001,180.7214,"P1979"
1980,46999,91080,,0.5160,2.1675,"PFA(CT(D2, D2), PFA(P5, PFA(CT(P3, P3), P11)))"
1981,574200,1145018,,0.5015,26.4658,"PFA(P7, P283)"
1982,1966142,3932288,,0.5000,90.5708,"PFA(D2, P991)"
1983,1316048,2629458,,0.5005,60.5895,"PFA(P3, P661)"
1984,77343,156736,,0.4935,3.5588,"PFA(P31, CT(D2, CT(D2, CT(D2, CT(D2, CT(D2, D2))))))"
1985,797568,1591970,,0.5010,36.6773,"PFA(P5, P397)"
1986,664642,1328634,,0.5002,30.5471,"PFA(D2, PFA(P3, P331))"
1987,3948168,7894351,,0.5001,181.3555,"P1987"
1988,159225,318080,,0.5006,7.3097,"PFA(CT(D2, D2), PFA(P7, P71))"
1989,70892,135252,,0.5241,3.2527,"PFA(CT(P3, P3), PFA(P13, P17))"
1990,407542,813910,,0.5007,18.6881,"PFA(D2, PFA(P5, P199))"
1991,382080,760562,,0.5024,17.5106,"PFA(P11, P181)"
1992,177845,356568,,0.4988,8.1459,"PFA(P3, PFA(CT(D2, CT(D2, D2)), P83))"
1993,3972048,7942105,,0.5001,181.8310,"P1993"
1994,1990010,3980024,,0.5000,91.0463,"PFA(D2, P997)"
1995,66376,127680,,0.5199,3.0351,"PFA(P3, PFA(P5, PFA(P7, P19)))"
1996,1000491,2001988,,0.4997,45.7222,"PFA(CT(D2, D2), P499)"
1997,3988008,7974021,,0.5001,182.1478,"P1997"
1998,93926,181818,,0.5166,4.2875,"PFA(D2, PFA(CT(P3, CT(P3, P3)), P37))"
1999,3996000,7990003,,0.5001,182.3063,"P1999"
2000,40801,78000,,0.5231,1.8604,"CT(PFA(D2, P5), CT(PFA(D2, P5), PFA(CT(D2, D2), P5)))"
2001,109232,214107,,0.5102,4.9778,"PFA(P3, PFA(P23, P29))"
2002,63442,124124,,0.5111,2.8895,"PFA(D2, PFA(P7, PFA(P11, P13)))"
2003,4012008,8022015,,0.5001,182.6230,"P2003"
2004,344509,689376,,0.4997,15.6729,"PFA(P3, PFA(CT(D2, D2), P167))"
2005,813624,1624050,,0.5010,36.9936,"PFA(P5, P401)"
2006,154310,306918,,0.5028,7.0122,"PFA(D2, PFA(P17, P59))"
2007,459148,913185,,0.5028,20.8529,"PFA(CT(P3, P3), P223)"
2008,511279,1024080,,0.4993,23.2074,"PFA(CT(D2, CT(D2, D2)), P251)"
2009,111348,214963,,0.5180,5.0513,"PFA(P41, CT(P7, P7))"
2010,151658,301500,,0.5030,6.8761,"PFA(D2, PFA(P3, PFA(P5, P67)))"
2011,4044120,8086231,,0.5001,183.2563,"P2011"
2012,1016559,2034132,,0.4998,46.0387,"PFA(CT(D2, D2), P503)"
2013,150088,295911,,0.5072,6.7935,"PFA(P3, PFA(P11, P61))"
2014,146878,292030,,0.5030,6.6445,"PFA(D2, PFA(P19, P53))"
2015,98112,191425,,0.5125,4.4359,"PFA(P5, PFA(P13, P31))"
2016,38191,76608,,0.4985,1.7257,"PFA(P7, CT(PFA(P3, CT(D2, D2)), PFA(P3, CT(D2, CT(D2, D2)))))"
2017,4068288,8134561,,0.5001,183.7311,"P2017"
2018,2038178,4076360,,0.5000,91.9961,"PFA(D2, P1009)"
2019,1364168,2725650,,0.5005,61.5392,"PFA(P3, P673)"
2020,218241,436320,,0.5002,9.8396,"PFA(CT(D2, D2), PFA(P5, P101))"
2021,181800,359738,,0.5054,8.1920,"PFA(P43, P47)"
2022,688822,1376982,,0.5002,31.0214,"PFA(D2, PFA(P3, P337))"
2023,84208,159817,,0.5269,3.7902,"PFA(P7, CT(P17, P17))"
2024,75881,151800,,0.4999,3.4135,"PFA(CT(D2, CT(D2, D2)), PFA(P11, P23))"
2025,44776,76950,,0.5819,2.0131,"CT(PFA(P5, CT(P3, P3)), PFA(P5, CT(P3, P3)))"
2026,2054362,4108728,,0.5000,92.3125,"PFA(D2, P1013)"
2027,4108728,8215431,,0.5001,184.5221,"P2027"
2028,63755,123708,,0.5154,2.8616,"PFA(P3, CT(PFA(D2, P13), PFA(D2, P13)))"
2029,4116840,8231653,,0.5001,184.6803,"P2029"
2030,84494,166460,,0.5076,3.7883,"PFA(D2, PFA(P5, PFA(P7, P29)))"
2031,1380400,2758098,,0.5005,61.8554,"PFA(P3, P677)"
2032,268335,538480,,0.4983,12.0173,"PFA(CT(D2, CT(D2, CT(D2, D2))), P127)"
2033,256032,508250,,0.5038,11.4600,"PFA(P19, P107)"
2034,243610,484092,,0.5032,10.8979,"PFA(D2, PFA(CT(P3, P3), P113))"
2035,107208,209605,,0.5115,4.7933,"PFA(P5, PFA(P11, P37))"
2036,1040901,2082828,,0.4998,46.5129,"PFA(CT(D2, D2), P509)"
2037,216968,429807,,0.5048,9.6899,"PFA(P3, PFA(P7, P97))"
2038,2078758,4157520,,0.5000,92.7867,"PFA(D2, P1019)"
2039,4157520,8313003,,0.5001,185.4707,"P2039"
2040,57187,114240,,0.5006,2.5497,"PFA(P3, PFA(P5, PFA(CT(D2, CT(D2, D2)), P17)))"
2041,346800,689858,,0.5027,15.4539,"PFA(P13, P157)"
2042,2086922,4173848,,0.5000,92.9448,"PFA(D2, P1021)"
2043,475556,945909,,0.5028,21.1680,"PFA(CT(P3, P3), P227)"
2044,167799,335216,,0.5006,7.4650,"PFA(CT(D2, D2), PFA(P7, P73))"
2045,846216,1689170,,0.5010,37.6252,"PFA(P5, P409)"
2046,93182,184140,,0.5060,4.1408,"PFA(D2, PFA(P3, PFA(P11, P31)))"
2047,229152,454434,,0.5043,10.1775,"PFA(P23, P89)"
2048,31745,67584,31745,0.4697,1.4091,"CT(D2, CT(D2, CT(D2, CT(D2, CT(D2, CT(D2, CT(D2, CT(D2, CT(D2, CT(D2, D2))))))))))"
